dex,pokemon,form,type1,type2,abilities1,abilities2,hidden_ability,evolution_details,egg_group1,egg_group2,hp,atk,def,sp_atk,sp_def,speed_total,pokemon_xy,pokemon_oras
1,Bulbasaur,,Grass,Poison,Overgrow,,Chlorophyll,Level Up - 16,Monster,Grass,45,49,49,65,65,45,318,YES,NO
2,Ivysaur,,Grass,Poison,Overgrow,,Chlorophyll,Level Up - 32,Monster,Grass,60,62,63,80,80,60,405,YES,NO
3,Venusaur,,Grass,Poison,Overgrow,,Chlorophyll,,Monster,Grass,80,82,83,100,100,80,525,YES,NO
3,Venusaur,Mega,Grass,Poison,Thick Fat,,,,,,80,100,123,122,120,80,625,YES,YES
4,Charmander,,Fire,,Blaze,,Solar Power,Level Up - 16,Monster,Dragon,39,52,43,60,50,65,309,YES,NO
5,Charmeleon,,Fire,,Blaze,,Solar Power,Level Up - 36,Monster,Dragon,58,64,58,80,65,80,405,YES,NO
6,Charizard,,Fire,Flying,Blaze,,Solar Power,,Monster,Dragon,78,84,78,109,85,100,534,YES,NO
6,Charizard,Mega X,Fire,Dragon,Tough Claws,,,,,,78,130,111,130,85,100,634,YES,YES
6,Charizard,Mega Y,Fire,Flying,Drought,,,,,,78,104,78,159,115,100,634,YES,YES
7,Squirtle,,Water,,Torrent,,Rain Dish,Level Up - 16,Monster,Water 1,44,48,65,50,64,43,314,YES,NO
8,Wartortle,,Water,,Torrent,,Rain Dish,Level Up - 36,Monster,Water 1,59,63,80,65,80,58,405,YES,NO
9,Blastoise,,Water,,Torrent,,Rain Dish,,Monster,Water 1,79,83,100,85,105,78,530,YES,NO
9,Blastoise,Mega,Water,,Mega Launcher,,,,,,79,103,120,135,115,78,630,YES,YES
10,Caterpie,,Bug,,Shield Dust,,Run Away,Level Up - 7,Bug,,45,30,35,20,20,45,195,YES,NO
11,Metapod,,Bug,,Shed Skin,,,Level Up - 10,Bug,,50,20,55,25,25,30,205,YES,NO
12,Butterfree,,Bug,Flying,Compoundeyes,,Tinted Lens,,Bug,,60,45,50,90,80,70,395,YES,NO
13,Weedle,,Bug,Poison,Shield Dust,,Run Away,Level Up - 7,Bug,,40,35,30,20,20,50,195,YES,NO
14,Kakuna,,Bug,Poison,Shed Skin,,,Level Up - 10,Bug,,45,25,50,25,25,35,205,YES,NO
15,Beedrill,,Bug,Poison,Swarm,,Sniper,,Bug,,65,90,40,45,80,75,395,YES,NO
15,Beedrill,Mega,Bug,Poison,Adaptability,,,,,,65,150,40,15,80,145,495,NO,YES
16,Pidgey,,Normal,Flying,Keen Eye,Tangled Feet,Big Pecks,Level Up - 18,Flying,,40,45,40,35,35,56,251,YES,YES
17,Pidgeotto,,Normal,Flying,Keen Eye,Tangled Feet,Big Pecks,Level Up - 36,Flying,,63,60,55,50,50,71,349,YES,YES
18,Pidgeot,,Normal,Flying,Keen Eye,Tangled Feet,Big Pecks,,Flying,,83,80,75,70,70,101,479,YES,YES
18,Pidgeot,Mega,Normal,Flying,No Guard,,,,,,83,80,80,135,80,121,579,NO,YES
19,Rattata,,Normal,,Run Away,Guts,Hustle,Level Up - 20,Field,,30,56,35,25,35,72,253,NO,YES
20,Raticate,,Normal,,Run Away,Guts,Hustle,,Field,,55,81,60,50,70,97,413,NO,YES
21,Spearow,,Normal,Flying,Keen Eye,,Sniper,Level Up - 20,Flying,,40,60,30,31,31,70,262,YES,NO
22,Fearow,,Normal,Flying,Keen Eye,,Sniper,,Flying,,65,90,65,61,61,100,442,YES,NO
23,Ekans,,Poison,,Intimidate,Shed Skin,Unnerve,Level Up - 22,Field,Dragon,35,60,44,40,54,55,288,YES,NO
24,Arbok,,Poison,,Intimidate,Shed Skin,Unnerve,,Field,Dragon,60,85,69,65,79,80,438,YES,NO
172,Pichu,,Electric,,Static,,Lightningrod,Level Up - Friendship,,,20,40,15,35,35,60,205,YES,YES
25,Pikachu,,Electric,,Static,,Lightningrod,Thunderstone,Field,Fairy,35,55,40,50,50,90,320,YES,YES
26,Raichu,,Electric,,Static,,Lightningrod,,Field,Fairy,60,90,55,90,80,110,485,YES,YES
27,Sandshrew,,Ground,,Sand Veil,,Sand Rush,Level Up - 22,Field,,50,75,85,20,30,40,300,YES,YES
28,Sandslash,,Ground,,Sand Veil,,Sand Rush,,Field,,75,100,110,45,55,65,450,YES,YES
29,Nidoran♀,,Poison,,Poison Point,Rivalry,Hustle,Level Up - 16,Monster,Field,55,47,52,40,40,41,275,YES,NO
30,Nidorina,,Poison,,Poison Point,Rivalry,Hustle,Moon Stone,,,70,62,67,55,55,56,365,YES,NO
31,Nidoqueen,,Poison,Ground,Poison Point,Rivalry,Sheer Force,,,,90,92,87,75,85,76,505,YES,NO
32,Nidoran♂,,Poison,,Poison Point,Rivalry,Hustle,Level Up - 16,Monster,Field,46,57,40,40,40,50,273,YES,NO
33,Nidorino,,Poison,,Poison Point,Rivalry,Hustle,Moon Stone,Monster,Field,61,72,57,55,55,65,365,YES,NO
34,Nidoking,,Poison,Ground,Poison Point,Rivalry,Sheer Force,,Monster,Field,81,102,77,85,75,85,505,YES,NO
173,Cleffa,,Fairy,,Cute Charm,Magic Guard,Friend Guard,Level Up - Friendship,,,50,25,28,45,55,15,218,YES,YES
35,Clefairy,,Fairy,,Cute Charm,Magic Guard,Friend Guard,Moon Stone,Fairy,,70,45,48,60,65,35,323,YES,YES
36,Clefable,,Fairy,,Cute Charm,Magic Guard,Unaware,,Fairy,,95,70,73,95,90,60,483,YES,YES
37,Vulpix,,Fire,,Flash Fire,,Drought,Fire Stone,Field,,38,41,40,50,65,65,299,YES,YES
38,Ninetales,,Fire,,Flash Fire,,Drought,,Field,,73,76,75,81,100,100,505,YES,YES
174,Igglybuff,,Normal,Fairy,Cute Charm,Competitive,Friend Guard,Level Up - Friendship,,,90,30,15,40,20,15,210,YES,YES
39,Jigglypuff,,Normal,Fairy,Cute Charm,Competitive,Friend Guard,Moon Stone,Fairy,,115,45,20,45,25,20,270,YES,YES
40,Wigglytuff,,Normal,Fairy,Cute Charm,Competitive,Frisk,,Fairy,,140,70,45,85,50,45,435,YES,YES
41,Zubat,,Poison,Flying,Inner Focus,,Infiltrator,Level Up - 22,Flying,,40,45,35,30,40,55,245,YES,YES
42,Golbat,,Poison,Flying,Inner Focus,,Infiltrator,Level Up - Friendship,Flying,,75,80,70,65,75,90,455,YES,YES
169,Crobat,,Poison,Flying,Inner Focus,,Infiltrator,,Flying,,85,90,80,70,80,130,535,YES,YES
43,Oddish,,Grass,Poison,Chlorophyll,,Run Away,Level Up - 21,Grass,,45,50,55,75,65,30,320,YES,YES
44,Gloom,,Grass,Poison,Chlorophyll,,Stench,Leaf Stone,Grass,,60,65,70,85,75,40,395,YES,YES
45,Vileplume,,Grass,Poison,Chlorophyll,,Effect Spore,,Grass,,75,80,85,110,90,50,490,YES,YES
182,Bellossom,,Grass,,Chlorophyll,,Healer,,Grass,,75,80,95,90,100,50,490,YES,YES
46,Paras,,Bug,Grass,Effect Spore,Dry Skin,Damp,Level Up - 24,Bug,Grass,35,70,55,45,55,25,285,YES,YES
47,Parasect,,Bug,Grass,Effect Spore,Dry Skin,Damp,,Bug,Grass,60,95,80,60,80,30,405,YES,YES
48,Venonat,,Bug,Poison,Compoundeyes,Tinted Lens,Run Away,Level Up - 31,Bug,,60,55,50,40,55,45,305,YES,YES
49,Venomoth,,Bug,Poison,Shield Dust,Tinted Lens,Wonder Skin,,Bug,,70,65,60,90,75,90,450,YES,YES
50,Diglett,,Ground,,Sand Veil,Arena Trap,Sand Force,Level Up - 26,Field,,10,55,25,35,45,95,265,YES,YES
51,Dugtrio,,Ground,,Sand Veil,Arena Trap,Sand Force,,Field,,35,80,50,50,70,120,405,YES,YES
52,Meowth,,Normal,,Pickup,Technician,Unnerve,Level Up - 28,Field,,40,45,35,40,40,90,290,NO,YES
53,Persian,,Normal,,Limber,Technician,Unnerve,,Field,,65,70,60,65,65,115,440,NO,YES
54,Psyduck,,Water,,Damp,Cloud Nine,Swift Swim,Level Up - 33,Water 1,Field,50,52,48,65,50,55,320,YES,YES
55,Golduck,,Water,,Damp,Cloud Nine,Swift Swim,,Water 1,Field,80,82,78,95,80,85,500,YES,YES
56,Mankey,,Fighting,,Vital Spirit,Anger Point,Defiant,Level Up - 28,Field,,40,80,35,35,45,70,305,YES,YES
57,Primeape,,Fighting,,Vital Spirit,Anger Point,Defiant,,Field,,65,105,60,60,70,95,455,YES,YES
58,Growlithe,,Fire,,Intimidate,Flash Fire,Justified,Fire Stone,Field,,55,70,45,70,50,60,350,YES,YES
59,Arcanine,,Fire,,Intimidate,Flash Fire,Justified,,Field,,90,110,80,100,80,95,555,YES,YES
60,Poliwag,,Water,,Water Absorb,Damp,Swift Swim,Level Up - 25,Water 1,,40,50,40,40,40,90,300,YES,NO
61,Poliwhirl,,Water,,Water Absorb,Damp,Swift Swim,Water Stone,Water 1,,65,65,65,50,50,90,385,YES,NO
62,Poliwrath,,Water,Fighting,Water Absorb,Damp,Swift Swim,,Water 1,,90,95,95,70,90,70,510,YES,NO
186,Politoed,,Water,,Water Absorb,Damp,Drizzle,,Water 1,,90,75,75,90,100,70,500,YES,NO
63,Abra,,Psychic,,Synchronize,Inner Focus,Magic Guard,Level Up - 16,Human-Like,,25,20,15,105,55,90,310,YES,YES
64,Kadabra,,Psychic,,Synchronize,Inner Focus,Magic Guard,Trade,Human-Like,,40,35,30,120,70,105,400,YES,YES
65,Alakazam,,Psychic,,Synchronize,Inner Focus,Magic Guard,,Human-Like,,55,50,45,135,95,120,500,YES,YES
65,Alakazam,Mega,Psychic,,Trace,,,,,,55,50,65,175,95,150,590,YES,YES
66,Machop,,Fighting,,Guts,No Guard,Steadfast,Level Up - 28,Human-Like,,70,80,50,35,35,35,305,YES,YES
67,Machoke,,Fighting,,Guts,No Guard,Steadfast,Trade,Human-Like,,80,100,70,50,60,45,405,YES,YES
68,Machamp,,Fighting,,Guts,No Guard,Steadfast,,Human-Like,,90,130,80,65,85,55,505,YES,YES
69,Bellsprout,,Grass,Poison,Chlorophyll,,Gluttony,Level Up - 21,Grass,,50,75,35,70,30,40,300,YES,NO
70,Weepinbell,,Grass,Poison,Chlorophyll,,Gluttony,Leaf Stone,Grass,,65,90,50,85,45,55,390,YES,NO
71,Victreebel,,Grass,Poison,Chlorophyll,,Gluttony,,Grass,,80,105,65,100,70,70,490,YES,NO
72,Tentacool,,Water,Poison,Clear Body,Liquid Ooze,Rain Dish,Level Up - 30,Water 3,,40,40,35,50,100,70,335,YES,YES
73,Tentacruel,,Water,Poison,Clear Body,Liquid Ooze,Rain Dish,,Water 3,,80,70,65,80,120,100,515,YES,YES
74,Geodude,,Rock,Ground,Rock Head,Sturdy,Sand Veil,Level Up - 25,Mineral,,40,80,100,30,30,20,300,YES,YES
75,Graveler,,Rock,Ground,Rock Head,Sturdy,Sand Veil,Trade,Mineral,,55,95,115,45,45,35,390,YES,YES
76,Golem,,Rock,Ground,Rock Head,Sturdy,Sand Veil,,Mineral,,80,120,130,55,65,45,495,YES,YES
77,Ponyta,,Fire,,Run Away,Flash Fire,Flame Body,Level Up - 40,Field,,50,85,55,65,65,90,410,YES,YES
78,Rapidash,,Fire,,Run Away,Flash Fire,Flame Body,,Field,,65,100,70,80,80,105,500,YES,YES
79,Slowpoke,,Water,Psychic,Oblivious,Own Tempo,Regenerator,Level Up - 37,Monster,Water 1,90,65,65,40,40,15,315,YES,YES
80,Slowbro,,Water,Psychic,Oblivious,Own Tempo,Regenerator,,Monster,Water 1,95,75,110,100,80,30,490,YES,YES
80,Slowbro,Mega,Water,Psychic,Shell Armor,,,,,,95,75,180,130,80,30,590,NO,YES
199,Slowking,,Water,Psychic,Oblivious,Own Tempo,Regenerator,,Monster,Water 1,95,75,80,100,110,30,490,YES,YES
81,Magnemite,,Electric,Steel,Magnet Pull,Sturdy,Analytic,Level Up - 30,Mineral,,25,35,70,95,55,45,325,YES,YES
82,Magneton,,Electric,Steel,Magnet Pull,Sturdy,Analytic,Level Up - Electric Rock,Mineral,,50,60,95,120,70,70,465,YES,YES
462,Magnezone,,Electric,Steel,Magnet Pull,Sturdy,Analytic,,Mineral,,70,70,115,130,90,60,535,YES,YES
83,Farfetch'd,,Normal,Flying,Keen Eye,Inner Focus,Defiant,,Flying,Field,52,65,55,58,62,60,352,YES,NO
84,Doduo,,Normal,Flying,Run Away,Early Bird,Tangled Feet,Level Up - 31,Flying,,35,85,45,35,35,75,310,YES,YES
85,Dodrio,,Normal,Flying,Run Away,Early Bird,Tangled Feet,,Flying,,60,110,70,60,60,100,460,YES,YES
86,Seel,,Water,,Thick Fat,Hydration,Ice Body,Level Up - 34,Water 1,Field,65,45,55,45,70,45,325,YES,YES
87,Dewgong,,Water,Ice,Thick Fat,Hydration,Ice Body,,Water 1,Field,90,70,80,70,95,70,475,YES,YES
88,Grimer,,Poison,,Stench,Sticky Hold,Poison Touch,Level Up - 38,Amorphous,,80,80,50,40,50,25,325,YES,YES
89,Muk,,Poison,,Stench,Sticky Hold,Poison Touch,,Amorphous,,105,105,75,65,100,50,500,YES,YES
90,Shellder,,Water,,Shell Armor,Skill Link,Overcoat,Water Stone,Water 3,,30,65,100,45,25,40,305,YES,NO
91,Cloyster,,Water,Ice,Shell Armor,Skill Link,Overcoat,,Water 3,,50,95,180,85,45,70,525,YES,NO
92,Gastly,,Ghost,Poison,Levitate,,,Level Up - 25,Amorphous,,30,35,30,100,35,80,310,YES,NO
93,Haunter,,Ghost,Poison,Levitate,,,Trade,Amorphous,,45,50,45,115,55,95,405,YES,NO
94,Gengar,,Ghost,Poison,Levitate,,,,Amorphous,,60,65,60,130,75,110,500,YES,NO
94,Gengar,Mega,Ghost,Poison,Shadow Tag,,,,,,60,65,80,170,95,130,600,YES,YES
95,Onix,,Rock,Ground,Rock Head,Sturdy,Weak Armor,Trade - w/Metal Coat,Mineral,,35,45,160,30,45,70,385,YES,YES
208,Steelix,,Steel,Ground,Rock Head,Sturdy,Sheer Force,,Mineral,,75,85,200,55,65,30,510,YES,YES
208,Steelix,Mega,Steel,Ground,Sand Force,,,,,,75,125,230,55,95,30,610,NO,YES
96,Drowzee,,Psychic,,Insomnia,Forewarn,Inner Focus,Level Up - 28,Human-Like,,60,48,45,43,90,42,328,YES,YES
97,Hypno,,Psychic,,Insomnia,Forewarn,Inner Focus,,Human-Like,,85,73,70,73,115,67,483,YES,YES
98,Krabby,,Water,,Hyper Cutter,Shell Armor,Sheer Force,Level Up - 28,Water 3,,30,105,90,25,25,50,325,YES,YES
99,Kingler,,Water,,Hyper Cutter,Shell Armor,Sheer Force,,Water 3,,55,130,115,50,50,75,475,YES,YES
100,Voltorb,,Electric,,Soundproof,Static,Aftermath,Level Up - 30,Mineral,,40,30,50,55,55,100,330,YES,YES
101,Electrode,,Electric,,Soundproof,Static,Aftermath,,Mineral,,60,50,70,80,80,140,480,YES,YES
102,Exeggcute,,Grass,Psychic,Chlorophyll,,Harvest,Leaf Stone,Grass,,60,40,80,60,45,40,325,YES,NO
103,Exeggutor,,Grass,Psychic,Chlorophyll,,Harvest,,Grass,,95,95,85,125,65,55,520,YES,NO
104,Cubone,,Ground,,Rock Head,Lightningrod,Battle Armor,Level Up - 28,Monster,,50,50,95,40,50,35,320,YES,NO
105,Marowak,,Ground,,Rock Head,Lightningrod,Battle Armor,,Monster,,60,80,110,50,80,45,425,YES,NO
236,Tyrogue,,Fighting,,Guts,Steadfast,Vital Spirit,Level Up - 20 Atk>Def,,,35,35,35,35,35,35,210,YES,YES
106,Hitmonlee,,Fighting,,Limber,Reckless,Unburden,,Human-Like,,50,120,53,35,110,87,455,YES,YES
107,Hitmonchan,,Fighting,,Keen Eye,Iron Fist,Inner Focus,,Human-Like,,50,105,79,35,110,76,455,YES,YES
237,Hitmontop,,Fighting,,Intimidate,Technician,Steadfast,,Human-Like,,50,95,95,35,110,70,455,YES,YES
108,Lickitung,,Normal,,Own Tempo,Oblivious,Cloud Nine,Level Up - w/Rollout,Monster,,90,55,75,60,75,30,385,YES,NO
463,Lickilicky,,Normal,,Own Tempo,Oblivious,Cloud Nine,,Monster,,110,85,95,80,95,50,515,YES,NO
109,Koffing,,Poison,,Levitate,,,Level Up - 35,Amorphous,,40,65,95,60,45,35,340,NO,YES
110,Weezing,,Poison,,Levitate,,,,Amorphous,,65,90,120,85,70,60,490,NO,YES
111,Rhyhorn,,Ground,Rock,Lightningrod,Rock Head,Reckless,Level Up - 42,Monster,Field,80,85,95,30,30,25,345,YES,YES
112,Rhydon,,Ground,Rock,Lightningrod,Rock Head,Reckless,Trade - w/Protector,Monster,Field,105,130,120,45,45,40,485,YES,YES
464,Rhyperior,,Ground,Rock,Lightningrod,Solid Rock,Reckless,,Monster,Field,115,140,130,55,55,40,535,YES,YES
440,Happiny,,Normal,,Natural Cure,Serene Grace,Friend Guard,Level Up - w/Oval Stone,,,100,5,5,15,65,30,220,YES,YES
113,Chansey,,Normal,,Natural Cure,Serene Grace,Healer,Level Up - Friendship,Fairy,,250,5,5,35,105,50,450,YES,YES
242,Blissey,,Normal,,Natural Cure,Serene Grace,Healer,,Fairy,,255,10,10,75,135,55,540,YES,YES
114,Tangela,,Grass,,Chlorophyll,Leaf Guard,Regenerator,Level Up - w/Ancientpower,Grass,,65,55,115,100,40,60,435,YES,YES
465,Tangrowth,,Grass,,Chlorophyll,Leaf Guard,Regenerator,,Grass,,100,100,125,110,50,50,535,YES,YES
115,Kangaskhan,,Normal,,Early Bird,Scrappy,Inner Focus,,Monster,,105,95,80,40,80,90,490,YES,NO
115,Kangaskhan,Mega,Normal,,Parental Bond,,,,,,105,125,100,60,100,100,590,YES,YES
116,Horsea,,Water,,Swift Swim,Sniper,Damp,Level Up - 32,Water 1,Dragon,30,40,70,70,25,60,295,YES,YES
117,Seadra,,Water,,Poison Point,Sniper,Damp,Trade - w/Dragon Scale,Water 1,Dragon,55,65,95,95,45,85,440,YES,YES
230,Kingdra,,Water,Dragon,Swift Swim,Sniper,Damp,,Water 1,Dragon,75,95,95,95,95,85,540,YES,YES
118,Goldeen,,Water,,Swift Swim,Water Veil,Lightningrod,Level Up - 33,Water 2,,45,67,60,35,50,63,320,YES,YES
119,Seaking,,Water,,Swift Swim,Water Veil,Lightningrod,,Water 2,,80,92,65,65,80,68,450,YES,YES
120,Staryu,,Water,,Illuminate,Natural Cure,Analytic,Water Stone,Water 3,,30,45,55,70,55,85,340,YES,YES
121,Starmie,,Water,Psychic,Illuminate,Natural Cure,Analytic,,Water 3,,60,75,85,100,85,115,520,YES,YES
439,Mime Jr.,,Psychic,Fairy,Soundproof,Filter,Technician,Level Up - w/Mimic,,,20,25,45,70,90,60,310,YES,NO
122,Mr. Mime,,Psychic,Fairy,Soundproof,Filter,Technician,,Human-Like,,40,45,65,100,120,90,460,YES,NO
123,Scyther,,Bug,Flying,Swarm,Technician,Steadfast,Trade - w/Metal Coat,Bug,,70,110,80,55,80,105,500,YES,NO
212,Scizor,,Bug,Steel,Swarm,Technician,Light Metal,,Bug,,70,130,100,55,80,65,500,YES,NO
212,Scizor,Mega,Bug,Steel,Technician,,,,,,70,150,140,65,100,75,600,YES,YES
238,Smoochum,,Ice,Psychic,Oblivious,Forewarn,Hydration,Level Up - 30,,,45,30,15,85,65,65,305,YES,NO
124,Jynx,,Ice,Psychic,Oblivious,Forewarn,Dry Skin,,Human-Like,,65,50,35,115,95,95,455,YES,NO
239,Elekid,,Electric,,Static,,Vital Spirit,Level Up - 30,,,45,63,37,65,55,95,360,YES,NO
125,Electabuzz,,Electric,,Static,,Vital Spirit,Trade - w/Electirizer,Human-Like,,65,83,57,95,85,105,490,YES,YES
466,Electivire,,Electric,,Motor Drive,,Vital Spirit,,Human-Like,,75,123,67,95,85,95,540,YES,YES
240,Magby,,Fire,,Flame Body,,Vital Spirit,Level Up - 30,,,45,75,37,70,55,83,365,YES,YES
126,Magmar,,Fire,,Flame Body,,Vital Spirit,Trade - w/Magmarizer,Human-Like,,65,95,57,100,85,93,495,YES,YES
467,Magmortar,,Fire,,Flame Body,,Vital Spirit,,Human-Like,,75,95,67,125,95,83,540,YES,YES
127,Pinsir,,Bug,,Hyper Cutter,Mold Breaker,Moxie,,Bug,,65,125,100,55,70,85,500,YES,YES
127,Pinsir,Mega,Bug,Flying,Aerilate,,,,,,65,155,120,65,90,105,600,YES,YES
128,Tauros,,Normal,,Intimidate,Anger Point,Sheer Force,,Field,,75,100,95,40,70,110,490,YES,NO
129,Magikarp,,Water,,Swift Swim,,Rattled,Level Up - 20,Water 2,Dragon,20,10,55,15,20,80,200,YES,YES
130,Gyarados,,Water,Flying,Intimidate,,Moxie,,Water 2,Dragon,95,125,79,60,100,81,540,YES,YES
130,Gyarados,Mega,Water,Dark,Mold Breaker,,,,,,95,155,109,70,130,81,640,YES,YES
131,Lapras,,Water,Ice,Water Absorb,Shell Armor,Hydration,,Monster,Water 1,130,85,80,85,95,60,535,YES,NO
132,Ditto,,Normal,,Limber,,Imposter,,Ditto,,48,48,48,48,48,48,288,YES,YES
133,Eevee,,Normal,,Run Away,Adaptability,Anticipation,Water Stone,Field,,55,55,50,45,65,55,325,YES,YES
134,Vaporeon,,Water,,Water Absorb,,Hydration,,Field,,130,65,60,110,95,65,525,YES,YES
135,Jolteon,,Electric,,Volt Absorb,,Quick Feet,,Field,,65,65,60,110,95,130,525,YES,YES
136,Flareon,,Fire,,Flash Fire,,Guts,,Field,,65,130,60,95,110,65,525,YES,YES
196,Espeon,,Psychic,,Synchronize,,Magic Bounce,,Field,,65,65,60,130,95,110,525,YES,YES
197,Umbreon,,Dark,,Synchronize,,Inner Focus,,Field,,95,65,110,60,130,65,525,YES,YES
470,Leafeon,,Grass,,Leaf Guard,,Chlorophyll,,Field,,65,110,130,60,65,95,525,YES,YES
471,Glaceon,,Ice,,Snow Cloak,,Ice Body,,Field,,65,60,110,130,95,65,525,YES,YES
700,Sylveon,,Fairy,,Cute Charm,,Pixilate,,Field,,95,65,65,110,130,60,525,YES,YES
137,Porygon,,Normal,,Trace,Download,Analytic,Trade - w/Upgrade,Mineral,,65,60,70,85,75,40,395,NO,YES
233,Porygon2,,Normal,,Trace,Download,Analytic,Trade - w/Dubious Disc,Mineral,,85,80,90,105,95,60,515,NO,YES
474,Porygon-Z,,Normal,,Adaptability,Download,Analytic,,Mineral,,85,80,70,135,75,90,535,NO,YES
138,Omanyte,,Rock,Water,Swift Swim,Shell Armor,Weak Armor,Level Up - 40,Water 1,Water 3,35,40,100,90,55,35,355,YES,YES
139,Omastar,,Rock,Water,Swift Swim,Shell Armor,Weak Armor,,Water 1,Water 3,70,60,125,115,70,55,495,YES,YES
140,Kabuto,,Rock,Water,Swift Swim,Battle Armor,Weak Armor,Level Up - 40,Water 1,Water 3,30,80,90,55,45,55,355,YES,YES
141,Kabutops,,Rock,Water,Swift Swim,Battle Armor,Weak Armor,,Water 1,Water 3,60,115,105,65,70,80,495,YES,YES
142,Aerodactyl,,Rock,Flying,Rock Head,Pressure,Unnerve,,Flying,,80,105,65,60,75,130,515,YES,YES
142,Aerodactyl,Mega,Rock,Flying,Tough Claws,,,,,,80,135,85,70,95,150,615,YES,YES
446,Munchlax,,Normal,,Pickup,Thick Fat,Gluttony,Level Up - Friendship,,,135,85,40,40,85,5,390,YES,NO
143,Snorlax,,Normal,,Immunity,Thick Fat,Gluttony,,Monster,,160,110,65,65,110,30,540,YES,NO
144,Articuno,,Ice,Flying,Pressure,,Snow Cloak,,,,90,85,100,95,125,85,580,YES,NO
145,Zapdos,,Electric,Flying,Pressure,,Static,,,,90,90,85,125,90,100,580,YES,NO
146,Moltres,,Fire,Flying,Pressure,,Flame Body,,,,90,100,90,125,85,90,580,YES,NO
147,Dratini,,Dragon,,Shed Skin,,Marvel Scale,Level Up - 30,Water 1,Dragon,41,64,45,50,50,50,300,YES,NO
148,Dragonair,,Dragon,,Shed Skin,,Marvel Scale,Level Up - 55,Water 1,Dragon,61,84,65,70,70,70,420,YES,NO
149,Dragonite,,Dragon,Flying,Inner Focus,,Multiscale,,Water 1,Dragon,91,134,95,100,100,80,600,YES,NO
150,Mewtwo,,Psychic,,Pressure,,Unnerve,,,,106,110,90,154,90,130,680,YES,NO
150,Mewtwo,Mega X,Psychic,Fighting,Steadfast,,,,,,106,190,100,154,100,130,780,YES,YES
150,Mewtwo,Mega Y,Psychic,,Insomnia,,,,,,106,150,70,194,120,140,780,YES,YES
151,Mew,,Psychic,,Synchronize,,,,,,100,100,100,100,100,100,600,NO,NO
152,Chikorita,,Grass,,Overgrow,,Leaf Guard,Level Up - 16,Monster,Grass,45,49,65,49,65,45,318,NO,YES
153,Bayleef,,Grass,,Overgrow,,Leaf Guard,Level Up - 32,Monster,Grass,60,62,80,63,80,60,405,NO,YES
154,Meganium,,Grass,,Overgrow,,Leaf Guard,,Monster,Grass,80,82,100,83,100,80,525,NO,YES
155,Cyndaquil,,Fire,,Blaze,,Flash Fire,Level Up - 14,Field,,39,52,43,60,50,65,309,NO,YES
156,Quilava,,Fire,,Blaze,,Flash Fire,Level Up - 36,Field,,58,64,58,80,65,80,405,NO,YES
157,Typhlosion,,Fire,,Blaze,,Flash Fire,,Field,,78,84,78,109,85,100,534,NO,YES
158,Totodile,,Water,,Torrent,,Sheer Force,Level Up - 18,Monster,Water 1,50,65,64,44,48,43,314,NO,YES
159,Croconaw,,Water,,Torrent,,Sheer Force,Level Up - 30,Monster,Water 1,65,80,80,59,63,58,405,NO,YES
160,Feraligatr,,Water,,Torrent,,Sheer Force,,Monster,Water 1,85,105,100,79,83,78,530,NO,YES
161,Sentret,,Normal,,Run Away,Keen Eye,Frisk,Level Up - 15,Field,,35,46,34,35,45,20,215,YES,NO
162,Furret,,Normal,,Run Away,Keen Eye,Frisk,,Field,,85,76,64,45,55,90,415,YES,NO
163,Hoothoot,,Normal,Flying,Insomnia,Keen Eye,Tinted Lens,Level Up - 20,Flying,,60,30,30,36,56,50,262,YES,NO
164,Noctowl,,Normal,Flying,Insomnia,Keen Eye,Tinted Lens,,Flying,,100,50,50,76,96,70,442,YES,NO
165,Ledyba,,Bug,Flying,Swarm,Early Bird,Rattled,Level Up - 18,Bug,,40,20,30,40,80,55,265,YES,NO
166,Ledian,,Bug,Flying,Swarm,Early Bird,Iron Fist,,Bug,,55,35,50,55,110,85,390,YES,NO
167,Spinarak,,Bug,Poison,Swarm,Insomnia,Sniper,Level Up - 22,Bug,,40,60,40,40,40,30,250,YES,YES
168,Ariados,,Bug,Poison,Swarm,Insomnia,Sniper,,Bug,,70,90,70,60,60,40,390,YES,YES
170,Chinchou,,Water,Electric,Volt Absorb,Illuminate,Water Absorb,Level Up - 27,Water 2,,75,38,38,56,56,67,330,YES,YES
171,Lanturn,,Water,Electric,Volt Absorb,Illuminate,Water Absorb,,Water 2,,125,58,58,76,76,67,460,YES,YES
175,Togepi,,Fairy,,Hustle,Serene Grace,Super Luck,Level Up - Friendship,,,35,20,65,40,65,20,245,YES,YES
176,Togetic,,Fairy,Flying,Hustle,Serene Grace,Super Luck,Shiny Stone,Flying,Fairy,55,40,85,80,105,40,405,YES,YES
468,Togekiss,,Fairy,Flying,Hustle,Serene Grace,Super Luck,,Flying,Fairy,85,50,95,120,115,80,545,YES,YES
177,Natu,,Psychic,Flying,Synchronize,Early Bird,Magic Bounce,Level Up - 25,Flying,,40,50,45,70,45,70,320,YES,YES
178,Xatu,,Psychic,Flying,Synchronize,Early Bird,Magic Bounce,,Flying,,65,75,70,95,70,95,470,YES,YES
179,Mareep,,Electric,,Static,,Plus,Level Up - 15,Monster,Field,55,40,40,65,45,35,280,YES,NO
180,Flaaffy,,Electric,,Static,,Plus,Level Up - 30,Monster,Field,70,55,55,80,60,45,365,YES,NO
181,Ampharos,,Electric,,Static,,Plus,,Monster,Field,90,75,85,115,90,55,510,YES,NO
181,Ampharos,Mega,Electric,Dragon,Mold Breaker,,,,,,90,95,105,165,110,45,610,YES,YES
298,Azurill,,Normal,Fairy,Thick Fat,Huge Power,Sap Sipper,Level Up - Friendship,,,50,20,40,20,40,20,190,YES,YES
183,Marill,,Water,Fairy,Thick Fat,Huge Power,Sap Sipper,Level Up - 18,Water 1,FAiry,70,20,50,20,50,40,250,YES,YES
184,Azumarill,,Water,Fairy,Thick Fat,Huge Power,Sap Sipper,,Water 1,FAiry,100,50,80,60,80,50,420,YES,YES
438,Bonsly,,Rock,,Sturdy,Rock Head,Rattled,Level Up - w/Mimic,,,50,80,95,10,45,10,290,YES,NO
185,Sudowoodo,,Rock,,Sturdy,Rock Head,Rattled,,Mineral,,70,100,115,30,65,30,410,YES,NO
187,Hoppip,,Grass,Flying,Chlorophyll,Leaf Guard,Infiltrator,Level Up - 18,Fairy,Grass,35,35,40,35,55,50,250,YES,NO
188,Skiploom,,Grass,Flying,Chlorophyll,Leaf Guard,Infiltrator,Level Up - 27,Fairy,Grass,55,45,50,45,65,80,340,YES,NO
189,Jumpluff,,Grass,Flying,Chlorophyll,Leaf Guard,Infiltrator,,Fairy,Grass,75,55,70,55,95,110,460,YES,NO
190,Aipom,,Normal,,Run Away,Pickup,Skill Link,Level Up - w/Double Hit,Field,,55,70,55,40,55,85,360,YES,YES
424,Ambipom,,Normal,,Technician,Pickup,Skill Link,,Field,,75,100,66,60,66,115,482,YES,YES
191,Sunkern,,Grass,,Chlorophyll,Solar Power,Early Bird,Sun Stone,Grass,,30,30,30,30,30,30,180,YES,YES
192,Sunflora,,Grass,,Chlorophyll,Solar Power,Early Bird,,Grass,,75,75,55,105,85,30,425,YES,YES
193,Yanma,,Bug,Flying,Speed Boost,Compoundeyes,Frisk,Level Up - w/Ancientpower,Bug,,65,65,45,75,45,95,390,YES,NO
469,Yanmega,,Bug,Flying,Speed Boost,Tinted Lens,Frisk,,Bug,,86,76,86,116,56,95,515,YES,NO
194,Wooper,,Water,Ground,Damp,Water Absorb,Unaware,Level Up - 20,Water 1,Field,55,45,45,25,25,15,210,YES,NO
195,Quagsire,,Water,Ground,Damp,Water Absorb,Unaware,,Water 1,Field,95,85,85,65,65,35,430,YES,NO
198,Murkrow,,Dark,Flying,Insomnia,Super Luck,Prankster,Dusk Stone,Flying,,60,85,42,85,42,91,405,YES,YES
430,Honchkrow,,Dark,Flying,Insomnia,Super Luck,Moxie,,Flying,,100,125,52,105,52,71,505,YES,YES
200,Misdreavus,,Ghost,,Levitate,,,Dusk Stone,Amorphous,,60,60,60,85,85,85,435,NO,YES
429,Mismagius,,Ghost,,Levitate,,,,Amorphous,,60,60,60,105,105,105,495,NO,YES
201,Unown,,Psychic,,Levitate,,,,,,48,72,48,72,48,48,336,NO,YES
360,Wynaut,,Psychic,,Shadow Tag,,Telepathy,Level Up - 15,,,95,23,48,23,48,23,260,YES,YES
202,Wobbuffet,,Psychic,,Shadow Tag,,Telepathy,,Amorphous,,190,33,58,33,58,33,405,YES,YES
203,Girafarig,,Normal,Psychic,Inner Focus,Early Bird,Sap Sipper,,Field,,70,80,65,90,65,85,455,YES,YES
204,Pineco,,Bug,,Sturdy,,Overcoat,Level Up - 31,Bug,,50,65,90,35,35,15,290,YES,YES
205,Forretress,,Bug,Steel,Sturdy,,Overcoat,,Bug,,75,90,140,60,60,40,465,YES,YES
206,Dunsparce,,Normal,,Serene Grace,Run Away,Rattled,,Field,,100,70,70,65,65,45,415,YES,NO
207,Gligar,,Ground,Flying,Hyper Cutter,Sand Veil,Immunity,"Level Up - w/Razor Fang, Night",Bug,,65,75,105,35,65,85,430,YES,NO
472,Gliscor,,Ground,Flying,Hyper Cutter,Sand Veil,Poison Heal,,Bug,,75,95,125,45,75,95,510,YES,NO
209,Snubbull,,Fairy,,Intimidate,Run Away,Rattled,Level Up - 23,Field,Fairy,60,80,50,40,40,30,300,YES,NO
210,Granbull,,Fairy,,Intimidate,Quick Feet,Rattled,,Field,Fairy,90,120,75,60,60,45,450,YES,NO
211,Qwilfish,,Water,Poison,Poison Point,Swift Swim,Intimidate,,Water 2,,65,95,75,55,55,85,430,YES,NO
213,Shuckle,,Bug,Rock,Sturdy,Gluttony,Contrary,,Bug,,20,10,230,10,230,5,505,YES,NO
214,Heracross,,Bug,Fighting,Swarm,Guts,Moxie,,Bug,,80,125,75,40,95,85,500,YES,YES
214,Heracross,Mega,Bug,Fighting,Skill Link,,,,,,80,185,115,40,105,75,600,YES,YES
215,Sneasel,,Dark,Ice,Inner Focus,Keen Eye,Pickpocket,"Level Up - w/Razor Fang, Night",Field,,55,95,55,35,75,115,430,YES,NO
461,Weavile,,Dark,Ice,Pressure,,Pickpocket,,Field,,70,120,65,45,85,125,510,YES,NO
216,Teddiursa,,Normal,,Pickup,Quick Feet,Honey Gather,Level Up - 30,Field,,60,80,50,50,50,40,330,YES,NO
217,Ursaring,,Normal,,Guts,Quick Feet,Unnerve,,Field,,90,130,75,75,75,55,500,YES,NO
218,Slugma,,Fire,,Magma Armor,Flame Body,Weak Armor,Level Up - 38,Amorphous,,40,40,40,70,40,20,250,YES,YES
219,Magcargo,,Fire,Rock,Magma Armor,Flame Body,Weak Armor,,Amorphous,,50,50,120,80,80,30,410,YES,YES
220,Swinub,,Ice,Ground,Oblivious,Snow Cloak,Thick Fat,Level Up - 33,Field,,50,50,40,30,30,50,250,YES,NO
221,Piloswine,,Ice,Ground,Oblivious,Snow Cloak,Thick Fat,Level Up - w/Ancientpower,Field,,100,100,80,60,60,50,450,YES,NO
473,Mamoswine,,Ice,Ground,Oblivious,Snow Cloak,Thick Fat,,Field,,110,130,80,70,60,80,530,YES,NO
222,Corsola,,Water,Rock,Hustle,Natural Cure,Regenerator,,Water 1,Water 3,55,55,85,65,85,35,380,YES,YES
223,Remoraid,,Water,,Hustle,Sniper,Moody,Level Up - 25,Water 1,Water 2,35,65,35,65,35,65,300,YES,YES
224,Octillery,,Water,,Suction Cups,Sniper,Moody,,Water 1,Water 2,75,105,75,105,75,45,480,YES,YES
225,Delibird,,Ice,Flying,Vital Spirit,Hustle,Insomnia,,Water 1,Field,45,55,45,65,45,75,330,YES,YES
458,Mantyke,,Water,Flying,Swift Swim,Water Absorb,Water Veil,Level Up - w/Remoraid in Party,,,45,20,50,60,120,50,345,YES,YES
226,Mantine,,Water,Flying,Swift Swim,Water Absorb,Water Veil,,Water 1,,65,40,70,80,140,70,465,YES,YES
227,Skarmory,,Steel,Flying,Keen Eye,Sturdy,Weak Armor,,Flying,,65,80,140,40,70,70,465,YES,YES
228,Houndour,,Dark,Fire,Early Bird,Flash Fire,Unnerve,Level Up - 24,Field,,45,60,30,80,50,65,330,YES,NO
229,Houndoom,,Dark,Fire,Early Bird,Flash Fire,Unnerve,,Field,,75,90,50,110,80,95,500,YES,NO
229,Houndoom,Mega,Dark,Fire,Solar Power,,,,,,75,90,90,140,90,115,600,YES,YES
231,Phanpy,,Ground,,Pickup,,Sand Veil,Level Up - 25,Field,,90,60,60,40,40,40,330,YES,YES
232,Donphan,,Ground,,Sturdy,,Sand Veil,,Field,,90,120,120,60,60,50,500,YES,YES
234,Stantler,,Normal,,Intimidate,Frisk,Sap Sipper,,Field,,73,95,62,85,65,85,465,NO,YES
235,Smeargle,,Normal,,Own Tempo,Technician,Moody,,Field,,55,20,35,20,45,75,250,YES,NO
241,Miltank,,Normal,,Thick Fat,Scrappy,Sap Sipper,,Field,,95,80,105,40,70,100,490,YES,NO
243,Raikou,,Electric,,Pressure,,Volt Absorb,,,,90,85,75,115,100,115,580,NO,YES
244,Entei,,Fire,,Pressure,,Flash Fire,,,,115,115,85,90,75,100,580,NO,YES
245,Suicune,,Water,,Pressure,,Water Absorb,,,,100,75,115,90,115,85,580,NO,YES
246,Larvitar,,Rock,Ground,Guts,,Sand Veil,Level Up - 30,Monster,,50,64,50,45,50,41,300,YES,NO
247,Pupitar,,Rock,Ground,Shed Skin,,,Level Up - 55,Monster,,70,84,70,65,70,51,410,YES,NO
248,Tyranitar,,Rock,Dark,Sand Stream,,Unnerve,,Monster,,100,134,110,95,100,61,600,YES,NO
248,Tyranitar,Mega,Rock,Dark,Sand Stream,,,,,,100,164,150,95,120,71,700,YES,YES
249,Lugia,,Psychic,Flying,Pressure,,Multiscale,,,,106,90,130,90,154,110,680,NO,YES
250,Ho-Oh,,Fire,Flying,Pressure,,Regenerator,,,,106,130,90,110,154,90,680,NO,YES
251,Celebi,,Psychic,Grass,Natural Cure,,,,,,100,100,100,100,100,100,600,NO,NO
252,Treecko,,Grass,,Overgrow,,Unburden,Level Up - 16,Monster,Dragon,40,45,35,65,55,70,310,NO,YES
253,Grovyle,,Grass,,Overgrow,,Unburden,Level Up - 36,Monster,Dragon,50,65,45,85,65,95,405,NO,YES
254,Sceptile,,Grass,,Overgrow,,Unburden,,Monster,Dragon,70,85,65,105,85,120,530,NO,YES
254,Sceptile,Mega,Grass,Dragon,Lightningrod,,,,,,70,110,75,145,85,145,630,NO,YES
255,Torchic,,Fire,,Blaze,,Speed Boost,Level Up - 16,Field,,45,60,40,70,50,45,310,NO,YES
256,Combusken,,Fire,Fighting,Blaze,,Speed Boost,Level Up - 36,Field,,60,85,60,85,60,55,405,NO,YES
257,Blaziken,,Fire,Fighting,Blaze,,Speed Boost,,Field,,80,120,70,110,70,80,530,NO,YES
257,Blaziken,Mega,Fire,Fighting,Speed Boost,,,,,,80,160,80,130,80,100,630,YES,YES
258,Mudkip,,Water,,Torrent,,Damp,Level Up - 16,Monster,Water 1,50,70,50,50,50,40,310,NO,YES
259,Marshtomp,,Water,Ground,Torrent,,Damp,Level Up - 36,Monster,Water 1,70,85,70,60,70,50,405,NO,YES
260,Swampert,,Water,Ground,Torrent,,Damp,,Monster,Water 1,100,110,90,85,90,60,535,NO,YES
260,Swampert,Mega,Water,Ground,Swift Swim,,,,,,100,150,110,95,110,70,635,NO,YES
261,Poochyena,,Dark,,Run Away,Quick Feet,Rattled,Level Up - 18,Field,,35,55,35,30,30,35,220,YES,YES
262,Mightyena,,Dark,,Intimidate,Quick Feet,Moxie,,Field,,70,90,70,60,60,70,420,YES,YES
263,Zigzagoon,,Normal,,Pickup,Gluttony,Quick Feet,Level Up - 20,Field,,38,30,41,30,41,60,240,YES,YES
264,Linoone,,Normal,,Pickup,Gluttony,Quick Feet,,Field,,78,70,61,50,61,100,420,YES,YES
265,Wurmple,,Bug,,Shield Dust,,Run Away,Level Up - 7,Bug,,45,45,35,20,30,20,195,YES,YES
266,Silcoon,,Bug,,Shed Skin,,,Level Up - 10,Bug,,50,35,55,25,25,15,205,YES,YES
267,Beautifly,,Bug,Flying,Swarm,,Rivalry,,Bug,,60,70,50,100,50,65,395,YES,YES
268,Cascoon,,Bug,,Shed Skin,,,Level Up - 10,Bug,,50,35,55,25,25,15,205,YES,YES
269,Dustox,,Bug,Poison,Shield Dust,,Compoundeyes,,Bug,,60,50,70,50,90,65,385,YES,YES
270,Lotad,,Water,Grass,Swift Swim,Rain Dish,Own Tempo,Level Up - 14,Water 1,Grass,40,30,30,40,50,30,220,YES,YES
271,Lombre,,Water,Grass,Swift Swim,Rain Dish,Own Tempo,Water Stone,Water 1,Grass,60,50,50,60,70,50,340,YES,YES
272,Ludicolo,,Water,Grass,Swift Swim,Rain Dish,Own Tempo,,Water 1,Grass,80,70,70,90,100,70,480,YES,YES
273,Seedot,,Grass,,Chlorophyll,Early Bird,Pickpocket,Level Up - 14,Field,Grass,40,40,50,30,30,30,220,YES,YES
274,Nuzleaf,,Grass,Dark,Chlorophyll,Early Bird,Pickpocket,Leaf Stone,Field,Grass,70,70,40,60,40,60,340,YES,YES
275,Shiftry,,Grass,Dark,Chlorophyll,Early Bird,Pickpocket,,Field,Grass,90,100,60,90,60,80,480,YES,YES
276,Taillow,,Normal,Flying,Guts,,Scrappy,Level Up - 22,Flying,,40,55,30,30,30,85,270,YES,YES
277,Swellow,,Normal,Flying,Guts,,Scrappy,,Flying,,60,85,60,50,50,125,430,YES,YES
278,Wingull,,Water,Flying,Keen Eye,,Rain Dish,Level Up - 25,Water 1,Flying,40,30,30,55,30,85,270,YES,YES
279,Pelipper,,Water,Flying,Keen Eye,,Rain Dish,,Water 1,Flying,60,50,100,85,70,65,430,YES,YES
280,Ralts,,Psychic,Fairy,Synchronize,Trace,Telepathy,Level Up - 20,Amorphous,,28,25,25,45,35,40,198,YES,YES
281,Kirlia,,Psychic,Fairy,Synchronize,Trace,Telepathy,Level Up - 30,Amorphous,,38,35,35,65,55,50,278,YES,YES
282,Gardevoir,,Psychic,Fairy,Synchronize,Trace,Telepathy,,Amorphous,,68,65,65,125,115,80,518,YES,YES
282,Gardevoir,Mega,Psychic,Fairy,Pixilate,,,,,,68,85,65,165,135,100,618,YES,YES
475,Gallade,,Psychic,Fighting,Steadfast,,Justified,,Amorphous,,68,125,65,65,115,80,518,YES,YES
475,Gallade,Mega,Psychic,Fighting,Inner Focus,,,,,,68,165,95,65,115,110,618,NO,YES
283,Surskit,,Bug,Water,Swift Swim,,Rain Dish,Level Up - 22,Water 1,Bug,40,30,32,50,52,65,269,YES,YES
284,Masquerain,,Bug,Flying,Intimidate,,Unnerve,,Water 1,Bug,70,60,62,80,82,60,414,YES,YES
285,Shroomish,,Grass,,Effect Spore,Poison Heal,Quick Feet,Level Up - 23,Fairy,Grass,60,40,60,40,60,35,295,YES,YES
286,Breloom,,Grass,Fighting,Effect Spore,Poison Heal,Technician,,Fairy,Grass,60,130,80,60,60,70,460,YES,YES
287,Slakoth,,Normal,,Truant,,,Level Up - 18,Field,,60,60,60,35,35,30,280,NO,YES
288,Vigoroth,,Normal,,Vital Spirit,,,Level Up - 36,Field,,80,80,80,55,55,90,440,NO,YES
289,Slaking,,Normal,,Truant,,,,Field,,150,160,100,95,65,100,670,NO,YES
290,Nincada,,Bug,Ground,Compoundeyes,,Run Away,Level Up - 20 & For Shedinja;,Bug,,31,45,90,30,30,40,266,YES,YES
291,Ninjask,,Bug,Flying,Speed Boost,,Infiltrator,,Bug,,61,90,45,50,50,160,456,YES,YES
292,Shedinja,,Bug,Ghost,Wonder Guard,,,,Bug,,1,90,45,30,30,40,236,YES,YES
293,Whismur,,Normal,,Soundproof,,Rattled,Level Up - 20,Monster,Field,64,51,23,51,23,28,240,YES,YES
294,Loudred,,Normal,,Soundproof,,Scrappy,Level Up - 40,Monster,Field,84,71,43,71,43,48,360,YES,YES
295,Exploud,,Normal,,Soundproof,,Scrappy,,Monster,Field,104,91,63,91,73,68,490,YES,YES
296,Makuhita,,Fighting,,Thick Fat,Guts,Sheer Force,Level Up - 24,Human-Like,,72,60,30,20,30,25,237,YES,YES
297,Hariyama,,Fighting,,Thick Fat,Guts,Sheer Force,,Human-Like,,144,120,60,40,60,50,474,YES,YES
299,Nosepass,,Rock,,Sturdy,Magnet Pull,Sand Force,Level Up - Route 13/New Mauville,Mineral,,30,45,135,45,90,30,375,YES,YES
476,Probopass,,Rock,Steel,Sturdy,Magnet Pull,Sand Force,,Mineral,,60,55,145,75,150,40,525,YES,YES
300,Skitty,,Normal,,Cute Charm,Normalize,Wonder Skin,Moon Stone,Field,Fairy,50,45,45,35,35,50,260,YES,YES
301,Delcatty,,Normal,,Cute Charm,Normalize,Wonder Skin,,Field,Fairy,70,65,65,55,55,70,380,YES,YES
302,Sableye,,Dark,Ghost,Keen Eye,Stall,Prankster,,Human-Like,,50,75,75,65,65,50,380,YES,YES
302,Sableye,Mega,Dark,Ghost,Magic Bounce,,,,,,50,85,125,85,115,20,480,NO,YES
303,Mawile,,Steel,Fairy,Hyper Cutter,Intimidate,Sheer Force,,Field,Fairy,50,85,85,55,55,50,380,YES,YES
303,Mawile,Mega,Steel,Fairy,Huge Power,,,,,,50,105,125,55,95,50,480,YES,YES
304,Aron,,Steel,Rock,Sturdy,Rock Head,Heavy Metal,Level Up - 32,Monster,,50,70,100,40,40,30,330,YES,YES
305,Lairon,,Steel,Rock,Sturdy,Rock Head,Heavy Metal,Level Up - 42,Monster,,60,90,140,50,50,40,430,YES,YES
306,Aggron,,Steel,Rock,Sturdy,Rock Head,Heavy Metal,,Monster,,70,110,180,60,60,50,530,YES,YES
306,Aggron,Mega,Steel,,Filter,,,,,,70,140,230,60,80,50,630,YES,YES
307,Meditite,,Fighting,Psychic,Pure Power,,Telepathy,Level Up - 37,Human-Like,,30,40,55,40,55,60,280,YES,YES
308,Medicham,,Fighting,Psychic,Pure Power,,Telepathy,,Human-Like,,60,60,75,60,75,80,410,YES,YES
308,Medicham,Mega,Fighting,Psychic,Pure Power,,,,,,60,100,85,80,85,100,510,YES,YES
309,Electrike,,Electric,,Static,Lightningrod,Minus,Level Up - 26,Field,,40,45,40,65,40,65,295,YES,YES
310,Manectric,,Electric,,Static,Lightningrod,Minus,,Field,,70,75,60,105,60,105,475,YES,YES
310,Manectric,Mega,Electric,,Intimidate,,,,,,70,75,80,135,80,135,575,YES,YES
311,Plusle,,Electric,,Plus,,Lightningrod,,Fairy,,60,50,40,85,75,95,405,YES,YES
312,Minun,,Electric,,Minus,,Volt Absorb,,Fairy,,60,40,50,75,85,95,405,YES,YES
313,Volbeat,,Bug,,Illuminate,Swarm,Prankster,,Bug,Human-Like,65,73,55,47,75,85,400,YES,YES
314,Illumise,,Bug,,Oblivious,Tinted Lens,Prankster,,Bug,Human-Like,65,47,55,73,75,85,400,YES,YES
406,Budew,,Grass,Poison,Natural Cure,Poison Point,Leaf Guard,Level Up - Friendship Day,,,40,30,35,50,70,55,280,YES,YES
315,Roselia,,Grass,Poison,Natural Cure,Poison Point,Leaf Guard,Shiny Stone,Fairy,Grass,50,60,45,100,80,65,400,YES,YES
407,Roserade,,Grass,Poison,Natural Cure,Poison Point,Technician,,Fairy,Grass,60,70,65,125,105,90,515,YES,YES
316,Gulpin,,Poison,,Liquid Ooze,Sticky Hold,Gluttony,Level Up - 26,Amorphous,,70,43,53,43,53,40,302,YES,YES
317,Swalot,,Poison,,Liquid Ooze,Sticky Hold,Gluttony,,Amorphous,,100,73,83,73,83,55,467,YES,YES
318,Carvanha,,Water,Dark,Rough Skin,,Speed Boost,Level Up - 30,Water 2,,45,90,20,65,20,65,305,YES,YES
319,Sharpedo,,Water,Dark,Rough Skin,,Speed Boost,,Water 2,,70,120,40,95,40,95,460,YES,YES
319,Sharpedo,Mega,Water,Dark,Strong Jaw,,,,,,70,140,70,110,65,105,560,NO,YES
320,Wailmer,,Water,,Water Veil,Oblivious,Pressure,Level Up - 40,Field,Water 2,130,70,35,70,35,60,400,YES,YES
321,Wailord,,Water,,Water Veil,Oblivious,Pressure,,Field,Water 2,170,90,45,90,45,60,500,YES,YES
322,Numel,,Fire,Ground,Oblivious,Simple,Own Tempo,Level Up - 33,Field,,60,60,40,65,45,35,305,YES,YES
323,Camerupt,,Fire,Ground,Magma Armor,Solid Rock,Anger Point,,Field,,70,100,70,105,75,40,460,YES,YES
323,Camerupt,Mega,Fire,Ground,Sheer Force,,,,,,70,120,100,145,105,20,560,NO,YES
324,Torkoal,,Fire,,White Smoke,,Shell Armor,,Field,,70,85,140,85,70,20,470,YES,YES
325,Spoink,,Psychic,,Thick Fat,Own Tempo,Gluttony,Level Up - 32,Field,,60,25,35,70,80,60,330,YES,YES
326,Grumpig,,Psychic,,Thick Fat,Own Tempo,Gluttony,,Field,,80,45,65,90,110,80,470,YES,YES
327,Spinda,,Normal,,Own Tempo,Tangled Feet,Contrary,,Field,Human-Like,60,60,60,60,60,60,360,YES,YES
328,Trapinch,,Ground,,Hyper Cutter,Arena Trap,Sheer Force,Level Up - 35,Bug,,45,100,45,45,45,10,290,YES,YES
329,Vibrava,,Ground,Dragon,Levitate,,,Level Up - 45,Bug,,50,70,50,50,50,70,340,YES,YES
330,Flygon,,Ground,Dragon,Levitate,,,,Bug,,80,100,80,80,80,100,520,YES,YES
331,Cacnea,,Grass,,Sand Veil,,Water Absorb,Level Up - 32,Grass,Human-Like,50,85,40,85,40,35,335,YES,YES
332,Cacturne,,Grass,Dark,Sand Veil,,Water Absorb,,Grass,Human-Like,70,115,60,115,60,55,475,YES,YES
333,Swablu,,Normal,Flying,Natural Cure,,Cloud Nine,Level Up - 35,Flying,Dragon,45,40,60,40,75,50,310,YES,YES
334,Altaria,,Dragon,Flying,Natural Cure,,Cloud Nine,,Flying,Dragon,75,70,90,70,105,80,490,YES,YES
334,Altaria,Mega,Dragon,Fairy,Pixilate,,,,,,75,110,110,110,105,80,590,NO,YES
335,Zangoose,,Normal,,Immunity,,Toxic Boost,,Field,,73,115,60,60,60,90,458,YES,YES
336,Seviper,,Poison,,Shed Skin,,Infiltrator,,Field,Dragon,73,100,60,100,60,65,458,YES,YES
337,Lunatone,,Rock,Psychic,Levitate,,,,Mineral,,70,55,65,95,85,70,440,YES,YES
338,Solrock,,Rock,Psychic,Levitate,,,,Mineral,,70,95,85,55,65,70,440,YES,YES
339,Barboach,,Water,Ground,Oblivious,Anticipation,Hydration,Level Up - 30,Water 2,,50,48,43,46,41,60,288,YES,YES
340,Whiscash,,Water,Ground,Oblivious,Anticipation,Hydration,,Water 2,,110,78,73,76,71,60,468,YES,YES
341,Corphish,,Water,,Hyper Cutter,Shell Armor,Adaptability,Level Up - 30,Water 1,Water 3,43,80,65,50,35,35,308,YES,YES
342,Crawdaunt,,Water,Dark,Hyper Cutter,Shell Armor,Adaptability,,Water 1,Water 3,63,120,85,90,55,55,468,YES,YES
343,Baltoy,,Ground,Psychic,Levitate,,,Level Up - 36,Mineral,,40,40,55,40,70,55,300,NO,YES
344,Claydol,,Ground,Psychic,Levitate,,,,Mineral,,60,70,105,70,120,75,500,NO,YES
345,Lileep,,Rock,Grass,Suction Cups,,Storm Drain,Level Up - 40,Water 3,,66,41,77,61,87,23,355,YES,YES
346,Cradily,,Rock,Grass,Suction Cups,,Storm Drain,,Water 3,,86,81,97,81,107,43,495,YES,YES
347,Anorith,,Rock,Bug,Battle Armor,,Swift Swim,Level Up - 40,Water 3,,45,95,50,40,50,75,355,YES,YES
348,Armaldo,,Rock,Bug,Battle Armor,,Swift Swim,,Water 3,,75,125,100,70,80,45,495,YES,YES
349,Feebas,,Water,,Swift Swim,Oblivious,Adaptability,Trade - w/Prism Scale or ,Water 1,Dragon,20,15,20,10,55,80,200,NO,YES
350,Milotic,,Water,,Marvel Scale,Competitive,Cute Charm,,Water 1,Dragon,95,60,79,100,125,81,540,NO,YES
351,Castform,,Normal,,Forecast,,,,Fairy,Amorphous,70,70,70,70,70,70,420,NO,YES
352,Kecleon,,Normal,,Color Change,,Protean,,Field,,60,90,70,60,120,40,440,YES,YES
353,Shuppet,,Ghost,,Insomnia,Frisk,Cursed Body,Level Up - 37,Amorphous,,44,75,35,63,33,45,295,YES,YES
354,Banette,,Ghost,,Insomnia,Frisk,Cursed Body,,Amorphous,,64,115,65,83,63,65,455,YES,YES
354,Banette,Mega,Ghost,,Prankster,,,,,,64,165,75,93,83,75,555,YES,YES
355,Duskull,,Ghost,,Levitate,,Frisk,Level Up - 37,Amorphous,,20,40,90,30,90,25,295,YES,YES
356,Dusclops,,Ghost,,Pressure,,Frisk,,Amorphous,,40,70,130,60,130,25,455,YES,YES
477,Dusknoir,,Ghost,,Pressure,,Frisk,,Amorphous,,45,100,135,65,135,45,525,YES,YES
357,Tropius,,Grass,Flying,Chlorophyll,Solar Power,Harvest,,Monster,Grass,99,68,83,72,87,51,460,YES,YES
433,Chingling,,Psychic,,Levitate,,,Level Up - Friendship Night,,,45,30,50,65,50,45,285,YES,YES
358,Chimecho,,Psychic,,Levitate,,,,Amorphous,,65,50,70,95,80,65,425,YES,YES
359,Absol,,Dark,,Pressure,Super Luck,Justified,,Field,,65,130,60,75,60,75,465,YES,YES
359,Absol,Mega,Dark,,Magic Bounce,,,,,,65,150,60,115,60,115,565,YES,YES
361,Snorunt,,Ice,,Inner Focus,Ice Body,Moody,Level Up - 42,Fairy,Mineral,50,50,50,50,50,50,300,YES,YES
362,Glalie,,Ice,,Inner Focus,Ice Body,Moody,,Fairy,Mineral,80,80,80,80,80,80,480,YES,YES
362,Glalie,Mega,Ice,,Refrigerate,,,,,,80,120,80,120,80,100,580,NO,YES
478,Froslass,,Ice,Ghost,Snow Cloak,,Cursed Body,,Fairy,Mineral,70,80,70,80,70,110,480,YES,YES
363,Spheal,,Ice,Water,Thick Fat,Ice Body,Oblivious,Level Up - 32,Water 1,Field,70,40,50,55,50,25,290,YES,YES
364,Sealeo,,Ice,Water,Thick Fat,Ice Body,Oblivious,Level Up - 44,Water 1,Field,90,60,70,75,70,45,410,YES,YES
365,Walrein,,Ice,Water,Thick Fat,Ice Body,Oblivious,,Water 1,Field,110,80,90,95,90,65,530,YES,YES
366,Clamperl,,Water,,Shell Armor,,Rattled,Trade - w/DeepSeaTooth,Water 1,,35,64,85,74,55,32,345,YES,YES
367,Huntail,,Water,,Swift Swim,,Water Veil,,Water 1,,55,104,105,94,75,52,485,YES,YES
368,Gorebyss,,Water,,Swift Swim,,Hydration,,Water 1,,55,84,105,114,75,52,485,YES,YES
369,Relicanth,,Water,Rock,Swift Swim,Rock Head,Sturdy,,Water 1,Water 2,100,90,130,45,65,55,485,YES,YES
370,Luvdisc,,Water,,Swift Swim,,Hydration,,Water 2,,43,30,55,40,65,97,330,YES,YES
371,Bagon,,Dragon,,Rock Head,,Sheer Force,Level Up - 30,Dragon,,45,75,60,40,30,50,300,YES,YES
372,Shelgon,,Dragon,,Rock Head,,Overcoat,Level Up - 50,Dragon,,65,95,100,60,50,50,420,YES,YES
373,Salamence,,Dragon,Flying,Intimidate,,Moxie,,Dragon,,95,135,80,110,80,100,600,YES,YES
373,Salamence,Mega,Dragon,Flying,Aerilate,,,,,,95,145,130,120,90,120,700,NO,YES
374,Beldum,,Steel,Psychic,Clear Body,,Light Metal,Level Up - 20,Mineral,,40,55,80,35,60,30,300,YES,YES
375,Metang,,Steel,Psychic,Clear Body,,Light Metal,Level Up - 45,Mineral,,60,75,100,55,80,50,420,YES,YES
376,Metagross,,Steel,Psychic,Clear Body,,Light Metal,,Mineral,,80,135,130,95,90,70,600,YES,YES
376,Metagross,Mega,Steel,Psychic,Tough Claws,,,,,,80,145,150,105,110,110,700,NO,YES
377,Regirock,,Rock,,Clear Body,,Sturdy,,,,80,100,200,50,100,50,580,NO,YES
378,Regice,,Ice,,Clear Body,,Ice Body,,,,80,50,100,100,200,50,580,NO,YES
379,Registeel,,Steel,,Clear Body,,Light Metal,,,,80,75,150,75,150,50,580,NO,YES
380,Latias,,Dragon,Psychic,Levitate,,,,,,80,80,90,110,130,110,600,NO,YES
380,Latias,Mega,Dragon,Psychic,Levitate,,,,,,80,100,120,140,150,110,700,NO,YES
381,Latios,,Dragon,Psychic,Levitate,,,,,,80,90,80,130,110,110,600,NO,YES
381,Latios,Mega,Dragon,Psychic,Levitate,,,,,,80,130,100,160,120,110,700,NO,YES
382,Kyogre,,Water,,Drizzle,,,,,,100,100,90,150,140,90,670,NO,YES
382,Kyogre,Primal,Water,,Primordial Sea,,,,,,100,150,90,180,160,90,770,NO,YES
383,Groudon,,Ground,,Drought,,,,,,100,150,140,100,90,90,670,NO,YES
383,Groudon,Primal,Ground,Fire,Desolate Land,,,,,,100,180,160,150,90,90,770,NO,YES
384,Rayquaza,,Dragon,Flying,Air Lock,,,,,,105,150,90,150,90,95,680,NO,YES
384,Rayquaza,Mega,Dragon,Flying,Delta Stream,,,,,,105,180,100,180,100,115,780,NO,YES
385,Jirachi,,Steel,Psychic,Serene Grace,,,,,,100,100,100,100,100,100,600,NO,NO
386,Deoxys,Normal,Psychic,,Pressure,,,,,,50,180,20,180,20,150,600,NO,YES
387,Turtwig,,Grass,,Overgrow,,Shell Armor,Level Up - 18,Monster,Grass,55,68,64,45,55,31,318,NO,YES
388,Grotle,,Grass,,Overgrow,,Shell Armor,Level Up - 32,Monster,Grass,75,89,85,55,65,36,405,NO,YES
389,Torterra,,Grass,Ground,Overgrow,,Shell Armor,,Monster,Grass,95,109,105,75,85,56,525,NO,YES
390,Chimchar,,Fire,,Blaze,,Iron Fist,Level Up - 14,Field,Human-Like,44,58,44,58,44,61,309,NO,YES
391,Monferno,,Fire,Fighting,Blaze,,Iron Fist,Level Up - 36,Field,Human-Like,64,78,52,78,52,81,405,NO,YES
392,Infernape,,Fire,Fighting,Blaze,,Iron Fist,,Field,Human-Like,76,104,71,104,71,108,534,NO,YES
393,Piplup,,Water,,Torrent,,Defiant,Level Up - 16,Water 1,Field,53,51,53,61,56,40,314,NO,YES
394,Prinplup,,Water,,Torrent,,Defiant,Level Up - 36,Water 1,Field,64,66,68,81,76,50,405,NO,YES
395,Empoleon,,Water,Steel,Torrent,,Defiant,,Water 1,Field,84,86,88,111,101,60,530,NO,YES
396,Starly,,Normal,Flying,Keen Eye,,Reckless,Level Up - 14,Flying,,40,55,30,30,30,60,245,YES,NO
397,Staravia,,Normal,Flying,Intimidate,,Reckless,Level Up - 34,Flying,,55,75,50,40,40,80,340,YES,NO
398,Staraptor,,Normal,Flying,Intimidate,,Reckless,,Flying,,85,120,70,50,60,100,485,YES,NO
399,Bidoof,,Normal,,Simple,Unaware,Moody,Level Up - 15,Water 1,Field,59,45,40,35,40,31,250,YES,NO
400,Bibarel,,Normal,Water,Simple,Unaware,Moody,,Water 1,Field,79,85,60,55,60,71,410,YES,NO
401,Kricketot,,Bug,,Shed Skin,,Run Away,Level Up - 10,Bug,,37,25,41,25,41,25,194,NO,YES
402,Kricketune,,Bug,,Swarm,,Technician,,Bug,,77,85,51,55,51,65,384,NO,YES
403,Shinx,,Electric,,Rivalry,Intimidate,Guts,Level Up - 15,Field,,45,65,34,40,34,45,263,YES,YES
404,Luxio,,Electric,,Rivalry,Intimidate,Guts,Level Up - 30,Field,,60,85,49,60,49,60,363,YES,YES
405,Luxray,,Electric,,Rivalry,Intimidate,Guts,,Field,,80,120,79,95,79,70,523,YES,YES
408,Cranidos,,Rock,,Mold Breaker,,Sheer Force,Level Up - 30,Monster,,67,125,40,30,30,58,350,YES,YES
409,Rampardos,,Rock,,Mold Breaker,,Sheer Force,,Monster,,97,165,60,65,50,58,495,YES,YES
410,Shieldon,,Rock,Steel,Sturdy,,Soundproof,Level Up - 30,Monster,,30,42,118,42,88,30,350,YES,YES
411,Bastiodon,,Rock,Steel,Sturdy,,Soundproof,,Monster,,60,52,168,47,138,30,495,YES,YES
412,Burmy,Plant,Bug,,Shed Skin,,Overcoat,Level Up - 20 Female,Bug,,40,29,45,29,45,36,224,YES,NO
413,Wormadam,Plant,Bug,Grass,Anticipation,,Overcoat,,Bug,,60,59,85,79,105,36,424,YES,NO
414,Mothim,,Bug,Flying,Swarm,,Tinted Lens,,Bug,,70,94,50,94,50,66,424,YES,NO
415,Combee,,Bug,Flying,Honey Gather,,Hustle,Level Up - 21 Female Only,Bug,,30,30,42,30,42,70,244,YES,NO
416,Vespiquen,,Bug,Flying,Pressure,,Unnerve,,Bug,,70,80,102,80,102,40,474,YES,NO
417,Pachirisu,,Electric,,Run Away,Pickup,Volt Absorb,,Field,Fairy,60,45,70,45,90,95,405,YES,NO
418,Buizel,,Water,,Swift Swim,,Water Veil,Level Up - 26,Water 1,Field,55,65,35,60,30,85,330,YES,NO
419,Floatzel,,Water,,Swift Swim,,Water Veil,,Water 1,Field,85,105,55,85,50,115,495,YES,NO
420,Cherubi,,Grass,,Chlorophyll,,,Level Up - 25,Fairy,Grass,45,35,45,62,53,35,275,NO,YES
421,Cherrim,,Grass,,Flower Gift,,,,Fairy,Grass,70,60,70,87,78,85,450,NO,YES
422,Shellos,,Water,,Sticky Hold,Storm Drain,Sand Force,Level Up - 30,Water 1,Amorphous,76,48,48,57,62,34,325,YES,YES
423,Gastrodon,,Water,Ground,Sticky Hold,Storm Drain,Sand Force,,Water 1,Amorphous,111,83,68,92,82,39,475,YES,YES
425,Drifloon,,Ghost,Flying,Aftermath,Unburden,Flare Boost,Level Up - 28,Amorphous,,90,50,34,60,44,70,348,YES,YES
426,Drifblim,,Ghost,Flying,Aftermath,Unburden,Flare Boost,,Amorphous,,150,80,44,90,54,80,498,YES,YES
427,Buneary,,Normal,,Run Away,Klutz,Limber,Level Up - Friendship,Field,Human-Like,55,66,44,44,56,85,350,NO,YES
428,Lopunny,,Normal,,Cute Charm,Klutz,Limber,,Field,Human-Like,65,76,84,54,96,105,480,NO,YES
428,Lopunny,Mega,Normal,Fighting,Scrappy,,,,,,65,135,94,54,96,135,580,NO,YES
431,Glameow,,Normal,,Limber,Own Tempo,Keen Eye,Level Up - 38,Field,,49,55,42,42,37,85,310,NO,YES
432,Purugly,,Normal,,Thick Fat,Own Tempo,Defiant,,Field,,71,82,64,64,59,112,452,NO,YES
434,Stunky,,Poison,Dark,Stench,Aftermath,Keen Eye,Level Up - 34,Field,,63,63,47,41,41,74,329,YES,NO
435,Skuntank,,Poison,Dark,Stench,Aftermath,Keen Eye,,Field,,103,93,67,71,61,84,479,YES,NO
436,Bronzor,,Steel,Psychic,Levitate,Heatproof,Heavy Metal,Level Up - 33,Mineral,,57,24,86,24,86,23,300,YES,YES
437,Bronzong,,Steel,Psychic,Levitate,Heatproof,Heavy Metal,,Mineral,,67,89,116,79,116,33,500,YES,YES
441,Chatot,,Normal,Flying,Keen Eye,Tangled Feet,Big Pecks,,Flying,,76,65,45,92,42,91,411,YES,YES
442,Spiritomb,,Ghost,Dark,Pressure,,Infiltrator,,Amorphous,,50,92,108,92,108,35,485,YES,YES
443,Gible,,Dragon,Ground,Sand Veil,,Rough Skin,Level Up - 24,Monster,Dragon,58,70,45,40,45,42,300,YES,YES
444,Gabite,,Dragon,Ground,Sand Veil,,Rough Skin,Level Up - 48,Monster,Dragon,68,90,65,50,55,82,410,YES,YES
445,Garchomp,,Dragon,Ground,Sand Veil,,Rough Skin,,Monster,Dragon,108,130,95,80,85,102,600,YES,YES
445,Garchomp,Mega,Dragon,Ground,Sand Force,,,,,,108,170,115,120,95,92,700,YES,YES
447,Riolu,,Fighting,,Steadfast,Inner Focus,Prankster,Level Up - Friendship Day,,,40,70,40,35,40,60,285,YES,NO
448,Lucario,,Fighting,Steel,Steadfast,Inner Focus,Justified,,Field,Human-Like,70,110,70,115,70,90,525,YES,NO
448,Lucario,Mega,Fighting,Steel,Adaptability,,,,,,70,145,88,140,70,112,625,YES,YES
449,Hippopotas,,Ground,,Sandstream,,Sand Force,Level Up - 34,Field,,68,72,78,38,42,32,330,YES,NO
450,Hippowdon,,Ground,,Sandstream,,Sand Force,,Field,,108,112,118,68,72,47,525,YES,NO
451,Skorupi,,Poison,Bug,Battle Armor,Sniper,Keen Eye,Level Up - 40,Bug,Water 3,40,50,90,30,55,65,330,YES,YES
452,Drapion,,Poison,Dark,Battle Armor,Sniper,Keen Eye,,Bug,Water 3,70,90,110,60,75,95,500,YES,YES
453,Croagunk,,Poison,Fighting,Anticipation,Dry Skin,Poison Touch,Level Up - 37,Human-Like,,48,61,40,61,40,50,300,YES,NO
454,Toxicroak,,Poison,Fighting,Anticipation,Dry Skin,Poison Touch,,Human-Like,,83,106,65,86,65,85,490,YES,NO
455,Carnivine,,Grass,,Levitate,,,,Grass,,74,100,72,90,72,46,454,YES,NO
456,Finneon,,Water,,Swift Swim,Storm Drain,Water Veil,Level Up - 31,Water 2,,49,49,56,49,61,66,330,NO,YES
457,Lumineon,,Water,,Swift Swim,Storm Drain,Water Veil,,Water 2,,69,69,76,69,86,91,460,NO,YES
459,Snover,,Grass,Ice,Snow Warning,,Soundproof,Level Up - 40,Monster,Grass,60,62,50,62,60,40,334,YES,NO
460,Abomasnow,,Grass,Ice,Snow Warning,,Soundproof,,Monster,Grass,90,92,75,92,85,60,494,YES,NO
460,Abomasnow,Mega,Grass,Ice,Snow Warning,,,,,,90,132,105,132,105,30,594,YES,YES
479,Rotom,Normal,Electric,Ghost,Levitate,,,,Amorphous,,50,50,77,95,77,91,440,YES,NO
480,Uxie,,Psychic,,Levitate,,,,,,75,75,130,75,130,95,580,NO,YES
481,Mesprit,,Psychic,,Levitate,,,,,,80,105,105,105,105,80,580,NO,YES
482,Azelf,,Psychic,,Levitate,,,,,,75,125,70,125,70,115,580,NO,YES
483,Dialga,,Steel,Dragon,Pressure,,Telepathy,,,,100,120,120,150,100,90,680,NO,YES
484,Palkia,,Water,Dragon,Pressure,,Telepathy,,,,90,120,100,150,120,100,680,NO,YES
485,Heatran,,Fire,Steel,Flash Fire,,Flame Body,,,,91,90,106,130,106,77,600,NO,YES
486,Regigigas,,Normal,,Slow Start,,,,,,110,160,110,80,110,100,670,NO,YES
487,Giratina,Altered,Ghost,Dragon,Pressure,,Telepathy,,,,150,100,120,100,120,90,680,NO,YES
488,Cresselia,,Psychic,,Levitate,,,,,,120,70,120,75,130,85,600,NO,YES
489,Phione,,Water,,Hydration,,,,Water 1,Fairy,80,80,80,80,80,80,480,NO,NO
490,Manaphy,,Water,,Hydration,,,,Water 1,Fairy,100,100,100,100,100,100,600,NO,NO
491,Darkrai,,Dark,,Bad Dreams,,,,,,70,90,90,135,90,125,600,NO,NO
492,Shaymin,Normal,Grass,,Natural Cure,,,,,,100,100,100,100,100,100,600,NO,NO
493,Arceus,,Normal,,Multitype,,,,,,120,120,120,120,120,120,720,NO,NO
494,Victini,,Psychic,Fire,Victory Star,,,,,,100,100,100,100,100,100,600,NO,NO
495,Snivy,,Grass,,Overgrow,,Contrary,Level Up - 17,Field,Grass,45,45,55,45,55,63,308,NO,YES
496,Servine,,Grass,,Overgrow,,Contrary,Level Up - 36,Field,Grass,60,60,75,60,75,83,413,NO,YES
497,Serperior,,Grass,,Overgrow,,Contrary,,Field,Grass,75,75,95,75,95,113,528,NO,YES
498,Tepig,,Fire,,Blaze,,Thick Fat,Level Up - 17,Field,,65,63,45,45,45,45,308,NO,YES
499,Pignite,,Fire,Fighting,Blaze,,Thick Fat,Level Up - 36,Field,,90,93,55,70,55,55,418,NO,YES
500,Emboar,,Fire,Fighting,Blaze,,Reckless,,Field,,110,123,65,100,65,65,528,NO,YES
501,Oshawott,,Water,,Torrent,,Shell Armor,Level Up - 17,Field,,55,55,45,63,45,45,308,NO,YES
502,Dewott,,Water,,Torrent,,Shell Armor,Level Up - 36,Field,,75,75,60,83,60,60,413,NO,YES
503,Samurott,,Water,,Torrent,,Shell Armor,,Field,,95,100,85,108,70,70,528,NO,YES
504,Patrat,,Normal,,Run Away,Keen Eye,Analytic,Level Up - 20,Field,,45,55,39,35,39,42,255,YES,NO
505,Watchog,,Normal,,Illuminate,Keen Eye,Analytic,,Field,,60,85,69,60,69,77,420,YES,NO
506,Lillipup,,Normal,,Vital Spirit,Pickup,Run Away,Level Up - 16,Field,,45,60,45,25,45,55,275,YES,YES
507,Herdier,,Normal,,Intimidate,Sand Rush,Scrappy,Level Up - 32,Field,,65,80,65,35,65,60,370,YES,YES
508,Stoutland,,Normal,,Intimidate,Sand Rush,Scrappy,,Field,,85,110,90,45,90,80,500,YES,YES
509,Purrloin,,Dark,,Limber,Unburden,Prankster,Level Up - 20,Field,,41,50,37,50,37,66,281,YES,NO
510,Liepard,,Dark,,Limber,Unburden,Prankster,,Field,,64,88,50,88,50,106,446,YES,NO
511,Pansage,,Grass,,Gluttony,,Overgrow,Leaf Stone,Field,,50,53,48,53,48,64,316,YES,NO
512,Simisage,,Grass,,Gluttony,,Overgrow,,Field,,75,98,63,98,63,101,498,YES,NO
513,Pansear,,Fire,,Gluttony,,Blaze,Fire Stone,Field,,50,53,48,53,48,64,316,YES,NO
514,Simisear,,Fire,,Gluttony,,Blaze,,Field,,75,98,63,98,63,101,498,YES,NO
515,Panpour,,Water,,Gluttony,,Torrent,Water Stone,Field,,50,53,48,53,48,64,316,YES,NO
516,Simipour,,Water,,Gluttony,,Torrent,,Field,,75,98,63,98,63,101,498,YES,NO
517,Munna,,Psychic,,Forewarn,Synchronize,Telepathy,Moon Stone,Field,,76,25,45,67,55,24,292,YES,YES
518,Musharna,,Psychic,,Forewarn,Synchronize,Telepathy,,Field,,116,55,85,107,95,29,487,YES,YES
519,Pidove,,Normal,Flying,Big Pecks,Super Luck,Rivalry,Level Up - 21,Flying,,50,55,50,36,30,43,264,YES,YES
520,Tranquill,,Normal,Flying,Big Pecks,Super Luck,Rivalry,Level Up - 32,Flying,,62,77,62,50,42,65,358,YES,YES
521,Unfezant,,Normal,Flying,Big Pecks,Super Luck,Rivalry,,Flying,,80,115,80,65,55,93,488,YES,YES
522,Blitzle,,Electric,,Lightningrod,Motor Drive,Sap Sipper,Level Up - 27,Field,,45,60,32,50,32,76,295,YES,YES
523,Zebstrika,,Electric,,Lightningrod,Motor Drive,Sap Sipper,,Field,,75,100,63,80,63,116,497,YES,YES
524,Roggenrola,,Rock,,Sturdy,,Sand Force,Level Up - 25,Mineral,,55,75,85,25,25,15,280,YES,YES
525,Boldore,,Rock,,Sturdy,,Sand Force,Trade,Mineral,,70,105,105,50,40,20,390,YES,YES
526,Gigalith,,Rock,,Sturdy,,Sand Force,,Mineral,,85,135,130,60,80,25,515,YES,YES
527,Woobat,,Psychic,Flying,Unaware,Klutz,Simple,Level Up - Friendship,Field,Flying,55,45,43,55,43,72,313,YES,NO
528,Swoobat,,Psychic,Flying,Unaware,Klutz,Simple,,Field,Flying,67,57,55,77,55,114,425,YES,NO
529,Drilbur,,Ground,,Sand Rush,Sand Force,Mold Breaker,Level Up - 31,Field,,60,85,40,30,45,68,328,YES,YES
530,Excadrill,,Ground,Steel,Sand Rush,Sand Force,Mold Breaker,,Field,,110,135,60,50,65,88,508,YES,YES
531,Audino,,Normal,,Healer,Regenerator,Klutz,,Fairy,,103,60,86,60,86,50,445,YES,YES
531,Audino,Mega,Normal,Fairy,Healer,,,,,,103,60,126,80,126,50,545,NO,YES
532,Timburr,,Fighting,,Guts,Sheer Force,Iron Fist,Level Up - 25,Human-Like,,75,80,55,25,35,35,305,YES,YES
533,Gurdurr,,Fighting,,Guts,Sheer Force,Iron Fist,Trade,Human-Like,,85,105,85,40,50,40,405,YES,YES
534,Conkeldurr,,Fighting,,Guts,Sheer Force,Iron Fist,,Human-Like,,105,140,95,55,65,45,505,YES,YES
535,Tympole,,Water,,Swift Swim,Hydration,Water Absorb,Level Up - 25,Water 1,,50,50,40,50,40,64,294,YES,YES
536,Palpitoad,,Water,Ground,Swift Swim,Hydration,Water Absorb,Level Up - 36,Water 1,,75,65,55,65,55,69,384,YES,YES
537,Seismitoad,,Water,Ground,Swift Swim,Poison Touch,Water Absorb,,Water 1,,105,95,75,85,75,74,509,YES,YES
538,Throh,,Fighting,,Guts,Inner Focus,Mold Breaker,,Human-Like,,120,100,85,30,85,45,465,YES,YES
539,Sawk,,Fighting,,Sturdy,Inner Focus,Mold Breaker,,Human-Like,,75,125,75,30,75,85,465,YES,YES
540,Sewaddle,,Bug,Grass,Swarm,Chlorophyll,Overcoat,Level Up - 20,Bug,,45,53,70,40,60,42,310,YES,YES
541,Swadloon,,Bug,Grass,Leaf Guard,Chlorophyll,Overcoat,Level Up - Friendship,Bug,,55,63,90,50,80,42,380,YES,YES
542,Leavanny,,Bug,Grass,Swarm,Chlorophyll,Overcoat,,Bug,,75,103,80,70,80,92,500,YES,YES
543,Venipede,,Bug,Poison,Poison Point,Swarm,Speed Boost,Level Up - 22,Bug,,30,45,59,30,39,57,260,YES,NO
544,Whirlipede,,Bug,Poison,Poison Point,Swarm,Speed Boost,Level Up - 30,Bug,,40,55,99,40,79,47,360,YES,NO
545,Scolipede,,Bug,Poison,Poison Point,Swarm,Speed Boost,,Bug,,60,100,89,55,69,112,485,YES,NO
546,Cottonee,,Grass,Fairy,Prankster,Infiltrator,Chlorophyll,Sun Stone,Grass,Fairy,40,27,60,37,50,66,280,NO,YES
547,Whimsicott,,Grass,Fairy,Prankster,Infiltrator,Chlorophyll,,Grass,Fairy,60,67,85,77,75,116,480,NO,YES
548,Petilil,,Grass,,Chlorophyll,Own Tempo,Leaf Guard,Sun Stone,Grass,,45,35,50,70,50,30,280,YES,YES
549,Lilligant,,Grass,,Chlorophyll,Own Tempo,Leaf Guard,,Grass,,70,60,75,110,75,90,480,YES,YES
550,Basculin,Red,Water,,Reckless,Adaptability,Mold Breaker,,Water 2,,70,92,65,80,55,98,460,YES,NO
551,Sandile,,Ground,Dark,Intimidate,Moxie,Anger Point,Level Up - 29,Field,,50,72,35,35,35,65,292,YES,YES
552,Krokorok,,Ground,Dark,Intimidate,Moxie,Anger Point,Level Up - 40,Field,,60,82,45,45,45,74,351,YES,YES
553,Krookodile,,Ground,Dark,Intimidate,Moxie,Anger Point,,Field,,95,117,80,65,70,92,519,YES,YES
554,Darumaka,,Fire,,Hustle,,Inner Focus,Level Up - 35,Field,,70,90,45,15,45,50,315,NO,YES
555,Darmanitan,,Fire,,Sheer Force,,Zen Mode,,Field,,105,140,55,30,55,95,480,NO,YES
556,Maractus,,Grass,,Water Absorb,Chlorophyll,Storm Drain,,Grass,,75,86,67,106,67,60,461,YES,YES
557,Dwebble,,Bug,Rock,Sturdy,Shell Armor,Weak Armor,Level Up - 34,Bug,Mineral,50,65,85,35,35,55,325,YES,YES
558,Crustle,,Bug,Rock,Sturdy,Shell Armor,Weak Armor,,Bug,Mineral,70,95,125,65,75,45,475,YES,YES
559,Scraggy,,Dark,Fighting,Shed Skin,Moxie,Intimidate,Level Up - 39,Field,Dragon,50,75,70,35,70,48,348,YES,YES
560,Scrafty,,Dark,Fighting,Shed Skin,Moxie,Intimidate,,Field,Dragon,65,90,115,45,115,58,488,YES,YES
561,Sigilyph,,Psychic,Flying,Wonder Skin,Magic Guard,Tinted Lens,,Flying,,72,58,80,103,80,97,490,YES,NO
562,Yamask,,Ghost,,Mummy,,,Level Up - 34,Mineral,Amorphous,38,30,85,55,65,30,303,NO,YES
563,Cofagrigus,,Ghost,,Mummy,,,,Mineral,Amorphous,58,50,145,95,105,30,483,NO,YES
564,Tirtouga,,Water,Rock,Solid Rock,Sturdy,Swift Swim,Level Up - 37,Water 1,Water 3,54,78,103,53,45,22,355,YES,YES
565,Carracosta,,Water,Rock,Solid Rock,Sturdy,Swift Swim,,Water 1,Water 3,74,108,133,83,65,32,495,YES,YES
566,Archen,,Rock,Flying,Defeatist,,,Level Up - 37,Flying,Water 3,55,112,45,74,45,70,401,YES,YES
567,Archeops,,Rock,Flying,Defeatist,,,,Flying,Water 3,75,140,65,112,65,110,567,YES,YES
568,Trubbish,,Poison,,Stench,Sticky Hold,Aftermath,Level Up - 36,Mineral,,50,50,62,40,62,65,329,YES,YES
569,Garbodor,,Poison,,Stench,Weak Armor,Aftermath,,Mineral,,80,95,82,60,82,75,474,YES,YES
570,Zorua,,Dark,,Illusion,,,Level Up - 30,Field,,40,65,40,80,40,65,330,YES,YES
571,Zoroark,,Dark,,Illusion,,,,Field,,60,105,60,120,60,105,510,YES,YES
572,Minccino,,Normal,,Cute Charm,Technician,Skill Link,Shiny Stone,Field,,55,50,40,40,40,75,300,YES,YES
573,Cinccino,,Normal,,Cute Charm,Technician,Skill Link,,Field,,75,95,60,65,60,115,470,YES,YES
574,Gothita,,Psychic,,Frisk,Competitive,Shadow Tag,Level Up - 32,Human-Like,,45,30,50,55,65,45,290,YES,YES
575,Gothorita,,Psychic,,Frisk,Competitive,Shadow Tag,Level Up - 41,Human-Like,,60,45,70,75,85,55,390,YES,YES
576,Gothitelle,,Psychic,,Frisk,Competitive,Shadow Tag,,Human-Like,,70,55,95,95,110,65,490,YES,YES
577,Solosis,,Psychic,,Overcoat,Magic Guard,Regenerator,Level Up - 32,Amorphous,,45,30,40,105,50,20,290,YES,NO
578,Duosion,,Psychic,,Overcoat,Magic Guard,Regenerator,Level Up - 41,Amorphous,,65,40,50,125,60,30,370,YES,NO
579,Reuniclus,,Psychic,,Overcoat,Magic Guard,Regenerator,,Amorphous,,110,65,75,125,85,30,490,YES,NO
580,Ducklett,,Water,Flying,Keen Eye,Big Pecks,Hydration,Level Up - 35,Water 1,Flying,62,44,50,44,50,55,305,YES,NO
581,Swanna,,Water,Flying,Keen Eye,Big Pecks,Hydration,,Water 1,Flying,75,87,63,87,63,98,473,YES,NO
582,Vanillite,,Ice,,Ice Body,,Weak Armor,Level Up - 35,Mineral,,36,50,50,65,60,44,305,YES,NO
583,Vanillish,,Ice,,Ice Body,,Weak Armor,Level Up - 47,Mineral,,51,65,65,80,75,59,395,YES,NO
584,Vanilluxe,,Ice,,Ice Body,,Weak Armor,,Mineral,,71,95,85,110,95,79,535,YES,NO
585,Deerling,,Normal,Grass,Chlorophyll,Sap Sipper,Serene Grace,Level Up - 34,Field,,60,60,50,40,50,75,335,YES,YES
586,Sawsbuck,,Normal,Grass,Chlorophyll,Sap Sipper,Serene Grace,,Field,,80,100,70,60,70,95,475,YES,YES
587,Emolga,,Electric,Flying,Static,,Motor Drive,,Field,,55,75,60,75,60,103,428,YES,NO
588,Karrablast,,Bug,,Swarm,Shed Skin,No Guard,Trade - w/Shelmet,Bug,,50,75,45,40,45,60,315,YES,NO
589,Escavalier,,Bug,Steel,Swarm,Shell Armor,Overcoat,,Bug,,70,135,105,60,105,20,495,YES,NO
590,Foongus,,Grass,Poison,Effect Spore,,Regenerator,Level Up - 39,Grass,,69,55,45,55,55,15,294,YES,NO
591,Amoonguss,,Grass,Poison,Effect Spore,,Regenerator,,Grass,,114,85,70,85,80,30,464,YES,NO
592,Frillish,,Water,Ghost,Water Absorb,Cursed Body,Damp,Level Up - 40,Amorphous,,55,40,50,65,85,40,335,NO,YES
593,Jellicent,,Water,Ghost,Water Absorb,Cursed Body,Damp,,Amorphous,,100,60,70,85,105,60,480,NO,YES
594,Alomomola,,Water,,Healer,Hydration,Regenerator,,Water 1,Water 2,165,75,80,40,45,65,470,YES,YES
595,Joltik,,Bug,Electric,Compoundeyes,Unnerve,Swarm,Level Up - 36,Bug,,50,47,50,57,50,65,319,YES,YES
596,Galvantula,,Bug,Electric,Compoundeyes,Unnerve,Swarm,,Bug,,70,77,60,97,60,108,472,YES,YES
597,Ferroseed,,Grass,Steel,Iron Barbs,,,Level Up - 40,Grass,Mineral,44,50,91,24,86,10,305,YES,NO
598,Ferrothorn,,Grass,Steel,Iron Barbs,,Anticipation,,Grass,Mineral,74,94,131,54,116,20,489,YES,NO
599,Klink,,Steel,,Plus,Minus,Clear Body,Level Up - 38,Mineral,,40,55,70,45,60,30,300,YES,YES
600,Klang,,Steel,,Plus,Minus,Clear Body,Level Up - 49,Mineral,,60,80,95,70,85,50,440,YES,YES
601,Klinklang,,Steel,,Plus,Minus,Clear Body,,Mineral,,60,100,115,70,85,90,520,YES,YES
602,Tynamo,,Electric,,Levitate,,,Level Up - 39,Amorphous,,35,55,40,45,40,60,275,NO,YES
603,Eelektrik,,Electric,,Levitate,,,Thunder Stone,Amorphous,,65,85,70,75,70,40,405,NO,YES
604,Eelektross,,Electric,,Levitate,,,,Amorphous,,85,115,80,105,80,50,515,NO,YES
605,Elgyem,,Psychic,,Telepathy,Synchronize,Analytic,Level Up - 42,Human-Like,,55,55,55,85,55,30,335,NO,YES
606,Beheeyem,,Psychic,,Telepathy,Synchronize,Analytic,,Human-Like,,75,75,75,125,95,40,485,NO,YES
607,Litwick,,Ghost,Fire,Flash Fire,Flame Body,Infiltrator,Level Up - 41,Amorphous,,50,30,55,65,55,20,275,YES,NO
608,Lampent,,Ghost,Fire,Flash Fire,Flame Body,Infiltrator,Dusk Stone,Amorphous,,60,40,60,95,60,55,370,YES,NO
609,Chandelure,,Ghost,Fire,Flash Fire,Flame Body,Infiltrator,,Amorphous,,60,55,90,145,90,80,520,YES,NO
610,Axew,,Dragon,,Rivalry,Mold Breaker,Unnerve,Level Up - 38,Monster,Dragon,46,87,60,30,40,57,320,YES,YES
611,Fraxure,,Dragon,,Rivalry,Mold Breaker,Unnerve,Level Up - 48,Monster,Dragon,66,117,70,40,50,67,410,YES,YES
612,Haxorus,,Dragon,,Rivalry,Mold Breaker,Unnerve,,Monster,Dragon,76,147,90,60,70,97,540,YES,YES
613,Cubchoo,,Ice,,Snow Cloak,,Rattled,Level Up - 37,Field,,55,70,40,60,40,40,305,YES,YES
614,Beartic,,Ice,,Snow Cloak,,Swift Swim,,Field,,95,110,80,70,80,50,485,YES,YES
615,Cryogonal,,Ice,,Levitate,,,,Mineral,,70,50,30,95,135,105,485,YES,NO
616,Shelmet,,Bug,,Hydration,Shell Armor,Overcoat,Trade - w/Karrablast,Bug,,50,40,85,40,65,25,305,YES,NO
617,Accelgor,,Bug,,Hydration,Sticky Hold,Unburden,,Bug,,80,70,40,100,60,145,495,YES,NO
618,Stunfisk,,Ground,Electric,Static,Limber,Sand Veil,,Water 1,Amorphous,109,66,84,81,99,32,471,YES,NO
619,Mienfoo,,Fighting,,Inner Focus,Regenerator,Reckless,Level Up - 50,Field,Human-Like,45,85,50,55,50,65,350,YES,NO
620,Mienshao,,Fighting,,Inner Focus,Regenerator,Reckless,,Field,Human-Like,65,125,60,95,60,105,510,YES,NO
621,Druddigon,,Dragon,,Rough Skin,Sheer Force,Mold Breaker,,Dragon,Monster,77,120,90,60,90,48,485,YES,YES
622,Golett,,Ground,Ghost,Iron Fist,Klutz,No Guard,Level Up - 43,Mineral,,59,74,50,35,50,35,303,YES,NO
623,Golurk,,Ground,Ghost,Iron Fist,Klutz,No Guard,,Mineral,,89,124,80,55,80,55,483,YES,NO
624,Pawniard,,Dark,Steel,Defiant,Inner Focus,Pressure,Level Up - 52,Human-Like,,45,85,70,40,40,60,340,YES,NO
625,Bisharp,,Dark,Steel,Defiant,Inner Focus,Pressure,,Human-Like,,65,125,100,60,70,70,490,YES,NO
626,Bouffalant,,Normal,,Reckless,Sap Sipper,Soundproof,,Field,,95,110,95,40,95,55,490,NO,YES
627,Rufflet,,Normal,Flying,Keen Eye,Sheer Force,Hustle,Level Up - 54,Flying,,70,83,50,37,50,60,350,YES,YES
628,Braviary,,Normal,Flying,Keen Eye,Sheer Force,Defiant,,Flying,,100,123,75,57,75,80,510,YES,YES
629,Vullaby,,Dark,Flying,Big Pecks,Overcoat,Weak Armor,Level Up - 54,Flying,,70,55,75,45,65,60,370,YES,YES
630,Mandibuzz,,Dark,Flying,Big Pecks,Overcoat,Weak Armor,,Flying,,110,65,105,55,95,80,510,YES,YES
631,Heatmor,,Fire,,Gluttony,Flash Fire,White Smoke,,Field,,85,97,66,105,66,65,484,YES,NO
632,Durant,,Bug,Steel,Swarm,Hustle,Truant,,Bug,,58,109,112,48,48,109,484,YES,NO
633,Deino,,Dark,Dragon,Hustle,,,Level Up - 50,Dragon,,52,65,50,45,50,38,300,YES,YES
634,Zweilous,,Dark,Dragon,Hustle,,,Level Up - 64,Dragon,,72,85,70,65,70,58,420,YES,YES
635,Hydreigon,,Dark,Dragon,Levitate,,,,Dragon,,92,105,90,125,90,98,600,YES,YES
636,Larvesta,,Bug,Fire,Flame Body,,Swarm,Level Up - 59,Bug,,55,85,55,50,55,60,360,YES,YES
637,Volcarona,,Bug,Fire,Flame Body,,Swarm,,Bug,,85,60,65,135,105,100,550,YES,YES
638,Cobalion,,Steel,Fighting,Justified,,,,,,91,90,129,90,72,108,580,NO,YES
639,Terrakion,,Rock,Fighting,Justified,,,,,,91,129,90,72,90,108,580,NO,YES
640,Virizion,,Grass,Fighting,Justified,,,,,,91,90,72,90,129,108,580,NO,YES
641,Tornadus,Incarnate,Flying,,Prankster,,Defiant,,,,79,115,70,125,80,111,580,NO,YES
642,Thundurus,Incarnate,Electric,Flying,Prankster,,Defiant,,,,79,115,70,125,80,111,580,NO,YES
643,Reshiram,,Dragon,Fire,Turboblaze,,,,,,100,120,100,150,120,90,680,NO,YES
644,Zekrom,,Dragon,Electric,Teravolt,,,,,,100,150,120,120,100,90,680,NO,YES
645,Landorus,Incarnate,Ground,Flying,Sand Force,,Sheer Force,,,,89,125,90,115,80,101,600,NO,YES
646,Kyurem,Normal,Dragon,Ice,Pressure,,,,,,125,130,90,130,90,95,660,NO,YES
647,Keldeo,,Water,Fighting,Justified,,,,,,91,72,90,129,90,108,580,NO,NO
648,Meloetta,Aria,Normal,Psychic,Serene Grace,,,,,,100,77,77,128,128,90,600,NO,NO
649,Genesect,,Bug,Steel,Download,,,,,,71,120,95,120,85,99,600,NO,NO
650,Chespin,,Grass,,Overgrow,,Bulletproof,Level Up - 16,Field,,56,61,65,48,45,33,308,YES,NO
651,Quilladin,,Grass,,Overgrow,,Bulletproof,Level Up - 36,Field,,61,78,95,56,58,57,405,YES,NO
652,Chesnaught,,Grass,Fighting,Overgrow,,Bulletproof,,Field,,88,107,122,74,75,64,530,YES,NO
653,Fennekin,,Fire,,Blaze,,Magician,Level Up - 16,Field,,40,45,40,62,60,60,307,YES,NO
654,Braixen,,Fire,,Blaze,,Magician,Level Up - 36,Field,,59,59,58,90,70,73,409,YES,NO
655,Delphox,,Fire,Psychic,Blaze,,Magician,,Field,,75,69,72,114,100,104,534,YES,NO
656,Froakie,,Water,,Torrent,,Protean,Level Up - 16,Water 1,,41,56,40,62,44,71,314,YES,NO
657,Frogadier,,Water,,Torrent,,Protean,Level Up - 36,Water 1,,54,63,52,83,56,97,405,YES,NO
658,Greninja,,Water,Dark,Torrent,,Protean,,Water 1,,72,95,67,103,71,122,530,YES,NO
659,Bunnelby,,Normal,,Pickup,Cheek Pouch,Huge Power,Level Up - 20,Field,,38,36,38,32,36,57,237,YES,NO
660,Diggersby,,Normal,Ground,Pickup,Cheek Pouch,Huge Power,,Field,,85,56,77,50,77,78,423,YES,NO
661,Fletchling,,Normal,Flying,Big Pecks,,Gale Wings,Level Up - 17,Flying,,45,50,43,40,38,62,278,YES,NO
662,Fletchinder,,Fire,Flying,Flame Body,,Gale Wings,Level Up - 35,Flying,,62,73,55,56,52,84,382,YES,NO
663,Talonflame,,Fire,Flying,Flame Body,,Gale Wings,,Flying,,78,81,71,74,69,126,499,YES,NO
664,Scatterbug,,Bug,,Shield Dust,Compoundeyes,Friend Guard,Level Up - 9,Bug,,38,35,40,27,25,35,200,YES,NO
665,Spewpa,,Bug,,Shed Skin,,Friend Guard,Level Up - 12,Bug,,45,22,60,27,30,29,213,YES,NO
666,Vivillon,,Bug,Flying,Shield Dust,Compoundeyes,Friend Guard,,Bug,,80,52,50,90,50,89,411,YES,NO
667,Litleo,,Fire,Normal,Rivalry,Unnerve,Moxie,Level Up - 35,Field,,62,50,58,73,54,72,369,YES,NO
668,Pyroar,,Fire,Normal,Rivalry,Unnerve,Moxie,,Field,,86,68,72,109,66,106,507,YES,NO
669,Flabébé,,Fairy,,Flower Veil,,Symbiosis,Level Up - 19,Fairy,,44,38,39,61,79,42,303,YES,NO
670,Floette,,Fairy,,Flower Veil,,Symbiosis,Shiny Stone,Fairy,,54,45,47,75,98,52,371,YES,NO
671,Florges,,Fairy,,Flower Veil,,Symbiosis,,Fairy,,78,65,68,112,154,75,552,YES,NO
672,Skiddo,,Grass,,Sap Sipper,,Grass Pelt,Level Up - 32,Field,,66,65,48,62,57,52,350,YES,NO
673,Gogoat,,Grass,,Sap Sipper,,Grass Pelt,,Field,,123,100,62,97,81,68,531,YES,NO
674,Pancham,,Fighting,,Iron Fist,Mold Breaker,Scrappy,Level Up - 32 w/Dark in Party,Field,Human-Like,67,82,62,46,48,43,348,YES,NO
675,Pangoro,,Fighting,Dark,Iron Fist,Mold Breaker,Scrappy,,Field,Human-Like,95,124,78,69,71,58,495,YES,NO
676,Furfrou,,Normal,,Fur Coat,,,,Field,,75,80,60,65,90,102,472,YES,NO
677,Espurr,,Psychic,,Keen Eye,Infiltrator,Own Tempo,Level Up - 25,Field,,62,48,54,63,60,68,355,YES,NO
678,Meowstic,Male,Psychic,,Keen Eye,Infiltrator,Prankster,,Field,,74,48,76,83,81,104,466,YES,NO
679,Honedge,,Steel,Ghost,No Guard,,,Level Up - 35,Mineral,,45,80,100,35,37,28,325,YES,NO
680,Doublade,,Steel,Ghost,No Guard,,,Dusk Stone,Mineral,,59,110,150,45,49,35,448,YES,NO
681,Aegislash,Blade,Steel,Ghost,Stance Change,,,,Mineral,,60,150,50,150,50,60,520,YES,NO
682,Spritzee,,Fairy,,Healer,,Aroma Veil,Trade - w/Sachet,Fairy,,78,52,60,63,65,23,341,YES,NO
683,Aromatisse,,Fairy,,Healer,,Aroma Veil,,Fairy,,101,72,72,99,89,29,462,YES,NO
684,Swirlix,,Fairy,,Sweet Veil,,Unburden,Trade - w/Whipped Dream,Fairy,,62,48,66,59,57,49,341,YES,NO
685,Slurpuff,,Fairy,,Sweet Veil,,Unburden,,Fairy,,82,80,86,85,75,72,480,YES,NO
686,Inkay,,Dark,Psychic,Contrary,Suction Cups,Infiltrator,Level Up - 30 w/3DS inverted,Water 1,Water 2,53,54,37,46,45,45,280,YES,NO
687,Malamar,,Dark,Psychic,Contrary,Suction Cups,Infiltrator,,Water 1,Water 2,86,92,88,68,75,73,482,YES,NO
688,Binacle,,Rock,Water,Tough Claws,Sniper,Pickpocket,Level Up - 39,Water 3,,42,52,67,39,56,50,306,YES,YES
689,Barbaracle,,Rock,Water,Tough Claws,Sniper,Pickpocket,,Water 3,,72,105,115,54,86,68,500,YES,YES
690,Skrelp,,Poison,Water,Poison Point,Poison Touch,Adaptability,Level Up - 48,Water 1,Dragon,50,60,60,60,60,30,320,YES,YES
691,Dragalge,,Poison,Dragon,Poison Point,Poison Touch,Adaptability,,Water 1,Dragon,65,75,90,97,123,44,494,YES,YES
692,Clauncher,,Water,,Mega Launcher,,,Level Up - 37,Water 1,Water 3,50,53,62,58,63,44,330,YES,YES
693,Clawitzer,,Water,,Mega Launcher,,,,Water 1,Water 3,71,73,88,120,89,59,500,YES,YES
694,Helioptile,,Electric,Normal,Dry Skin ,Sand Veil,Solar Power,Sun Stone,Monster,Dragon,44,38,33,61,43,70,289,YES,NO
695,Heliolisk,,Electric,Normal,Dry Skin ,Sand Veil,Solar Power,,Monster,Dragon,62,55,52,109,94,109,481,YES,NO
696,Tyrunt,,Rock,Dragon,Strong Jaw,,Sturdy,Level Up - 39 Day,Monster,Dragon,58,89,77,45,45,48,362,YES,NO
697,Tyrantrum,,Rock,Dragon,Strong Jaw,,Rock Head,,Monster,Dragon,82,121,119,69,59,71,521,YES,NO
698,Amaura,,Rock,Ice,Refrigerate,,Snow Warning,Level Up - 39 Night,Monster,,77,59,50,67,63,46,362,YES,NO
699,Aurorus,,Rock,Ice,Refrigerate,,Snow Warning,,Monster,,123,77,72,99,92,58,521,YES,NO
701,Hawlucha,,Fighting,Flying,Limber,Unburden,Mold Breaker,,Human-Like,,78,92,75,74,63,118,500,YES,NO
702,Dedenne,,Electric,Fairy,Cheek Pouch,Pickup,Plus,,Field,Fairy,67,58,57,81,67,101,431,YES,NO
703,Carbink,,Rock,Fairy,Clear Body,,Sturdy,,Fairy,Mineral,50,50,150,50,150,50,500,YES,NO
704,Goomy,,Dragon,,Sap Sipper,Hydration,Gooey,Level Up - 40,Dragon,,45,50,35,55,75,40,300,YES,NO
705,Sliggoo,,Dragon,,Sap Sipper,Hydration,Gooey,Level Up - 50 w/Raining,Dragon,,68,75,53,83,113,60,452,YES,NO
706,Goodra,,Dragon,,Sap Sipper,Hydration,Gooey,,Dragon,,90,100,70,110,150,80,600,YES,NO
707,Klefki,,Steel,Fairy,Prankster,,Magician,,Mineral,,57,80,91,80,87,75,470,YES,YES
708,Phantump,,Ghost,Grass,Natural Cure,Frisk,Harvest,Trade,Grass,Amorphous,43,70,48,50,60,38,309,YES,YES
709,Trevenant,,Ghost,Grass,Natural Cure,Frisk,Harvest,,Grass,Amorphous,85,110,76,65,82,56,474,YES,YES
710,Pumpkaboo,Small,Ghost,Grass,Pickup,Frisk,Insomnia,Trade,Amorphous,,44,66,70,44,55,56,335,YES,NO
711,Gourgeist,Small,Ghost,Grass,Pickup,Frisk,Insomnia,,Amorphous,,55,85,122,58,75,99,494,YES,NO
712,Bergmite,,Ice,,Own Tempo,Ice Body,Sturdy,Level Up - 37,Monster,,55,69,85,32,35,28,304,YES,NO
713,Avalugg,,Ice,,Own Tempo,Ice Body,Sturdy,,Monster,,95,117,184,44,46,28,514,YES,NO
714,Noibat,,Flying,Dragon,Frisk,Infiltrator,Telepathy,Level Up - 48,Flying,,40,30,35,45,40,55,245,YES,NO
715,Noivern,,Flying,Dragon,Frisk,Infiltrator,Telepathy,,Flying,,85,70,80,97,80,123,535,YES,NO
716,Xerneas,,Fairy,,Fairy Aura,,,,,,126,131,95,131,98,99,680,YES,NO
717,Yveltal,,Dark,Flying,Dark Aura,,,,,,126,131,95,131,98,99,680,YES,NO
718,Zygarde,,Dragon,Ground,Aura Break,,,,,,108,100,121,81,95,95,600,YES,NO
719,Diancie,,Rock,Fairy,Clear Body,,,,,,50,100,150,100,150,50,600,YES,NO
719,Diancie,Mega,Rock,Fairy,Magic Bounce,,,,,,50,160,110,160,110,110,700,NO,YES
720,Hoopa,,Psychic,Ghost,Magician,,,,,,80,110,60,150,130,70,600,NO,NO
721,Volcanion,,Fire,Water,Water Absorb,,,,,,80,110,120,130,90,70,600,NO,NO
